-- MySQL dump 10.13  Distrib 5.5.20, for osx10.6 (i386)
--
-- Host: localhost    Database: gurukadakshDB
-- ------------------------------------------------------
-- Server version	5.5.20

/*!40101 SET @OLD_CHARACTER_SET_CLIENT=@@CHARACTER_SET_CLIENT */;
/*!40101 SET @OLD_CHARACTER_SET_RESULTS=@@CHARACTER_SET_RESULTS */;
/*!40101 SET @OLD_COLLATION_CONNECTION=@@COLLATION_CONNECTION */;
/*!40101 SET NAMES utf8 */;
/*!40103 SET @OLD_TIME_ZONE=@@TIME_ZONE */;
/*!40103 SET TIME_ZONE='+00:00' */;
/*!40014 SET @OLD_UNIQUE_CHECKS=@@UNIQUE_CHECKS, UNIQUE_CHECKS=0 */;
/*!40014 SET @OLD_FOREIGN_KEY_CHECKS=@@FOREIGN_KEY_CHECKS, FOREIGN_KEY_CHECKS=0 */;
/*!40101 SET @OLD_SQL_MODE=@@SQL_MODE, SQL_MODE='NO_AUTO_VALUE_ON_ZERO' */;
/*!40111 SET @OLD_SQL_NOTES=@@SQL_NOTES, SQL_NOTES=0 */;

--
-- Table structure for table `applicationTokens`
--

DROP TABLE IF EXISTS `applicationTokens`;
/*!40101 SET @saved_cs_client     = @@character_set_client */;
/*!40101 SET character_set_client = utf8 */;
CREATE TABLE `applicationTokens` (
  `applicationName` varchar(500) DEFAULT NULL,
  `applicationToken` varchar(600) NOT NULL,
  PRIMARY KEY (`applicationToken`)
) ENGINE=InnoDB DEFAULT CHARSET=latin1;
/*!40101 SET character_set_client = @saved_cs_client */;

--
-- Dumping data for table `applicationTokens`
--

LOCK TABLES `applicationTokens` WRITE;
/*!40000 ALTER TABLE `applicationTokens` DISABLE KEYS */;
/*!40000 ALTER TABLE `applicationTokens` ENABLE KEYS */;
UNLOCK TABLES;

--
-- Table structure for table `contactTable`
--

DROP TABLE IF EXISTS `contactTable`;
/*!40101 SET @saved_cs_client     = @@character_set_client */;
/*!40101 SET character_set_client = utf8 */;
CREATE TABLE `contactTable` (
  `primaryEmail` varchar(100) DEFAULT NULL,
  `alternateEmails` longtext,
  `primaryPhoneNumber` varchar(100) DEFAULT NULL,
  `alternatePhoneNumbers` longtext,
  `countryOfResidence_ISO` varchar(10) DEFAULT NULL,
  `address` longtext,
  `linkedinId` varchar(50) NOT NULL,
  PRIMARY KEY (`linkedinId`),
  CONSTRAINT `contactTable_ibfk_1` FOREIGN KEY (`linkedinId`) REFERENCES `usertable` (`linkedinId`) ON DELETE CASCADE
) ENGINE=InnoDB DEFAULT CHARSET=latin1;
/*!40101 SET character_set_client = @saved_cs_client */;

--
-- Dumping data for table `contactTable`
--

LOCK TABLES `contactTable` WRITE;
/*!40000 ALTER TABLE `contactTable` DISABLE KEYS */;
/*!40000 ALTER TABLE `contactTable` ENABLE KEYS */;
UNLOCK TABLES;

--
-- Table structure for table `messageCenter`
--

DROP TABLE IF EXISTS `messageCenter`;
/*!40101 SET @saved_cs_client     = @@character_set_client */;
/*!40101 SET character_set_client = utf8 */;
CREATE TABLE `messageCenter` (
  `messageId` varchar(250) NOT NULL,
  `fromId` varchar(50) NOT NULL,
  `Datetime` timestamp NOT NULL DEFAULT CURRENT_TIMESTAMP ON UPDATE CURRENT_TIMESTAMP,
  `projectId` bigint(20) unsigned DEFAULT NULL,
  PRIMARY KEY (`messageId`),
  KEY `fromId` (`fromId`),
  KEY `projectId` (`projectId`),
  CONSTRAINT `messagecenter_ibfk_1` FOREIGN KEY (`projectId`) REFERENCES `userProjects` (`projectId`) ON DELETE SET NULL,
  CONSTRAINT `messageCenter_ibfk_2` FOREIGN KEY (`fromId`) REFERENCES `usertable` (`linkedinId`) ON DELETE CASCADE
) ENGINE=InnoDB DEFAULT CHARSET=latin1;
/*!40101 SET character_set_client = @saved_cs_client */;

--
-- Dumping data for table `messageCenter`
--

LOCK TABLES `messageCenter` WRITE;
/*!40000 ALTER TABLE `messageCenter` DISABLE KEYS */;
/*!40000 ALTER TABLE `messageCenter` ENABLE KEYS */;
UNLOCK TABLES;

--
-- Table structure for table `messageRecievers`
--

DROP TABLE IF EXISTS `messageRecievers`;
/*!40101 SET @saved_cs_client     = @@character_set_client */;
/*!40101 SET character_set_client = utf8 */;
CREATE TABLE `messageRecievers` (
  `messageId` varchar(250) NOT NULL,
  `toId` varchar(50) NOT NULL,
  PRIMARY KEY (`messageId`,`toId`),
  KEY `toId` (`toId`),
  CONSTRAINT `messageRecievers_ibfk_1` FOREIGN KEY (`messageId`) REFERENCES `messageCenter` (`messageId`) ON DELETE CASCADE,
  CONSTRAINT `messageRecievers_ibfk_2` FOREIGN KEY (`toId`) REFERENCES `usertable` (`linkedinId`) ON DELETE CASCADE
) ENGINE=InnoDB DEFAULT CHARSET=latin1;
/*!40101 SET character_set_client = @saved_cs_client */;

--
-- Dumping data for table `messageRecievers`
--

LOCK TABLES `messageRecievers` WRITE;
/*!40000 ALTER TABLE `messageRecievers` DISABLE KEYS */;
/*!40000 ALTER TABLE `messageRecievers` ENABLE KEYS */;
UNLOCK TABLES;

--
-- Table structure for table `organizationPateAssociations`
--

DROP TABLE IF EXISTS `organizationPateAssociations`;
/*!40101 SET @saved_cs_client     = @@character_set_client */;
/*!40101 SET character_set_client = utf8 */;
CREATE TABLE `organizationPateAssociations` (
  `linkedinCompanyId` bigint(20) unsigned NOT NULL,
  `pateKeyId` bigint(20) unsigned NOT NULL,
  `keyType` tinyint(1) DEFAULT NULL,
  `keyWeight` float DEFAULT NULL,
  PRIMARY KEY (`linkedinCompanyId`,`pateKeyId`),
  KEY `pateKeyId` (`pateKeyId`),
  CONSTRAINT `organizationpateassociations_ibfk_1` FOREIGN KEY (`linkedinCompanyId`) REFERENCES `organizationsDatabase` (`linkedinCompanyId`) ON DELETE CASCADE,
  CONSTRAINT `organizationpateassociations_ibfk_2` FOREIGN KEY (`pateKeyId`) REFERENCES `skillsDatabase` (`skillId`) ON DELETE CASCADE
) ENGINE=InnoDB DEFAULT CHARSET=latin1;
/*!40101 SET character_set_client = @saved_cs_client */;

--
-- Dumping data for table `organizationPateAssociations`
--

LOCK TABLES `organizationPateAssociations` WRITE;
/*!40000 ALTER TABLE `organizationPateAssociations` DISABLE KEYS */;
INSERT INTO `organizationPateAssociations` VALUES (2734,150,1,1),(2734,151,1,1),(2734,152,1,1),(2734,153,1,1),(2734,154,1,1),(2734,155,1,1),(165091,140,1,1),(165091,141,1,1),(165091,142,1,1),(165091,143,1,1),(165091,144,1,1),(165091,145,1,1),(165091,146,1,1),(165091,147,1,1),(165091,148,1,1),(165091,149,1,1),(250673,161,1,1),(250673,162,1,1),(250673,163,1,1),(250673,164,1,1),(927193,156,1,1),(927193,157,1,1),(927193,158,1,1),(927193,159,1,1),(927193,160,1,1);
/*!40000 ALTER TABLE `organizationPateAssociations` ENABLE KEYS */;
UNLOCK TABLES;

--
-- Table structure for table `organizationSkillsTable`
--

DROP TABLE IF EXISTS `organizationSkillsTable`;
/*!40101 SET @saved_cs_client     = @@character_set_client */;
/*!40101 SET character_set_client = utf8 */;
CREATE TABLE `organizationSkillsTable` (
  `linkedinCompanyId` bigint(20) unsigned NOT NULL,
  `skillId` bigint(20) unsigned NOT NULL,
  PRIMARY KEY (`linkedinCompanyId`,`skillId`),
  KEY `skillId` (`skillId`),
  CONSTRAINT `organizationskillstable_ibfk_1` FOREIGN KEY (`linkedinCompanyId`) REFERENCES `organizationsDatabase` (`linkedinCompanyId`) ON DELETE CASCADE,
  CONSTRAINT `organizationskillstable_ibfk_2` FOREIGN KEY (`skillId`) REFERENCES `skillsDatabase` (`skillId`) ON DELETE CASCADE
) ENGINE=InnoDB DEFAULT CHARSET=latin1;
/*!40101 SET character_set_client = @saved_cs_client */;

--
-- Dumping data for table `organizationSkillsTable`
--

LOCK TABLES `organizationSkillsTable` WRITE;
/*!40000 ALTER TABLE `organizationSkillsTable` DISABLE KEYS */;
INSERT INTO `organizationSkillsTable` VALUES (15423,11),(250673,11),(250673,78),(15423,98),(165091,101),(165091,102),(165091,103),(165091,104),(165091,105),(165091,106),(165091,107),(165091,108),(165091,109),(250673,110),(250673,111),(250673,112),(250673,113),(250673,114),(250673,115),(250673,116),(927193,117),(927193,118),(927193,119),(927193,120),(927193,121),(927193,122),(927193,123),(927193,124),(927193,125),(2734,126),(2734,127),(2734,128),(15423,165),(15423,166),(15423,167),(15423,168),(15423,169),(15423,170),(15423,171),(15423,172),(1680,174),(1680,175),(1680,176),(1680,177),(1680,178),(1680,179),(1680,180),(1680,181),(1680,182);
/*!40000 ALTER TABLE `organizationSkillsTable` ENABLE KEYS */;
UNLOCK TABLES;

--
-- Table structure for table `organizationsDatabase`
--

DROP TABLE IF EXISTS `organizationsDatabase`;
/*!40101 SET @saved_cs_client     = @@character_set_client */;
/*!40101 SET character_set_client = utf8 */;
CREATE TABLE `organizationsDatabase` (
  `linkedinCompanyId` bigint(20) unsigned NOT NULL DEFAULT '0',
  `organizationName` varchar(500) DEFAULT NULL,
  `organizationType` varchar(500) DEFAULT NULL,
  `organizationIndustry` varchar(500) DEFAULT NULL,
  `organizationDescription` longtext,
  PRIMARY KEY (`linkedinCompanyId`)
) ENGINE=InnoDB DEFAULT CHARSET=latin1;
/*!40101 SET character_set_client = @saved_cs_client */;

--
-- Dumping data for table `organizationsDatabase`
--

LOCK TABLES `organizationsDatabase` WRITE;
/*!40000 ALTER TABLE `organizationsDatabase` DISABLE KEYS */;
INSERT INTO `organizationsDatabase` VALUES (1680,'Cognizant Technology Solutions','Public Company','Outsourcing/Offshoring','Cognizant (NASDAQ: CTSH) is a leading provider of information technology, consulting, and business process outsourcing services, dedicated to helping the world\'s leading companies build stronger businesses. Headquartered in Teaneck, New Jersey (U.S.), Cognizant combines a passion for client satisfaction, technology innovation, deep industry and business process expertise, and a global, collaborative workforce that embodies the future of work. With over 50 delivery centers worldwide and 130,000 employees as of September 30, 2011, Cognizant is a member of the NASDAQ-100, the S&P 500, the Forbes Global 2000, and the Fortune 500 and is ranked among the top performing and fastest growing companies in the world. Visit us online at www.cognizant.com or follow us on Twitter: @Cognizant.'),(2734,'EADS Innovation Works','Privately Held','Defense & Space','EADS is a global leader in aerospace, defence and related services. In 2011, the Group – comprising Airbus, Astrium, Cassidian and Eurocopter – generated revenues of € 49.1 billion and employed a workforce of over 133,000.\r\nThe Group includes Airbus as the leading manufacturer of commercial aircraft, with Airbus Military covering tanker, transport and mission aircraft, Eurocopter as the world\'s largest helicopter supplier and Astrium, the European leader in space programmes from Ariane to Galileo. Its Cassidian Division is a provider of comprehensive systems solutions and makes EADS the major partner in the Eurofighter consortium as well as a stakeholder in the missile systems provider MBDA.'),(15423,'SCM Microsystems','Public Company','Computer Hardware','The ID Infrastructure division from Identive Group offers the world\'s broadest range of contact, contactless and mobile smart card reader and terminal technology, digital identity and transaction platforms, as well as systems that integrate physical and logical access control. Additionally, the company is a leading provider of commercial digital media readers to the worldwide photo kiosk market.\r\n\r\nThe company’s smart card-based products and solutions are utilized around the world to enable security and identification applications, transaction systems, eHealth- and eGovernment programs and physical access systems. The company also offers a range of smart card-based security, productivity and time recording solutions for small and medium-size businesses under its retail CHIPDRIVE® brand.\r\n\r\nThe ID Infrastucture division has more than 400 distribution partners and customers in more than 50 countries worldwide, including major PC OEM and smart card manufacturers, system integrators, banks, security application providers, government agencies, distributors, and value added resellers.\r\n\r\nIdentive Group, Inc. (NASDAQ: INVE; Frankfurt: INV) is focused on building the world’s signature company in Secure ID. The company’s products, software, systems and services address the markets for identity management, physical and logical access control, NFC and a host of RFID-enabled applications for customers in the government, enterprise, consumer, education, healthcare and transportation sectors.'),(165091,'Nanyang Technological University','Educational Institution','Higher Education','Nanyang Technological University (NTU) is a research-intensive university with globally acknowledged strengths in science and engineering. The university has roots that go back to 1955 when Nanyang University was set up. Today, NTU has four colleges with 12 schools, and four autonomous entities, the National Institute of Education, S Rajaratnam School of International Studies, Earth Observatory of Singapore, and Singapore Centre on Environmental Life Sciences Engineering. The Lee Kong Chian School of Medicine, set-up jointly with Imperial College London, will pioneer medical innovations and bring about enhancements to the healthcare system.\r\n\r\nNTU provides a high-quality global education to more than 33,500 undergraduate and postgraduate students. The student body includes top scholars and international olympiad medallists from the region and beyond.\r\nHailing from more than 66 countries, the university\'s 3,600-strong teaching and research staff bring dynamic international perspectives and years of solid industry experience.\r\n\r\nNTU\'s five-year strategic plan, NTU 2015, maps out how it will become a great global university by 2015. Under this, NTU will build on its current strengths and heritage to make its mark internationally in Five Peaks of Excellence: sustainability, healthcare, new media, the best of the East and West, and innovation. With almost S$849m of research funding in the area of sustainability, NTU is already a global leader in this area.'),(250673,'OWASP','Nonprofit','Computer & Network Security','The Open Web Application Security Project (OWASP) is a worldwide free and open community focused on improving the security of application software. Our mission is to make application security \"visible,\" so that people and organizations can make informed decisions about application security risks. Everyone is free to participate in OWASP and all of our materials are available under a free and open software license. The OWASP Foundation is a 501c3 not-for-profit charitable organization that ensures the ongoing availability and support for our work\r\n\r\n  ##'),(927193,'ShowNearby Pte Ltd','Privately Held','Internet','ShowNearby Pte Ltd is Singapore\'s leading location-based service provider, founded in March 31, 2008 by Douglas Gan and Lee Changjin.\r\n\r\nThe company develops the popular mobile application, ShowNearby, available free for download on Android phones, iPhone and BlackBerry. The application shows users points of interest near them, and also serves as a platform for businesses to run promotions and campaigns.\r\n\r\nBusiness users seeking mobile presence and integration leverage ShowNearby\'s platform as part of their marketing mix. ShowNearby offers a suite of solutions and services to both public and private organisations across different industries.\r\n\r\nWhile it currently operates in Singapore, the company is looking to expand into the region and beyond. ShowNearby seeks partners interested in forging strategic relations for this growth.\r\n\r\nFeel free to contact ShowNearby at ask@shownearby.com.'),(1859269,'Advanced Digital Sciences Center (ADSC)','Privately Held','Research','The Advanced Digital Sciences Center (ADSC) is a joint research center established by the University of Illinois at Urbana-Champaign and the Agency for Science, Technology and Research (A*STAR), a Singapore government agency. Research at ADSC is funded by A*STAR through the Human Sixth Sense Project (HSSP), which focuses on breakthrough innovations that are expected to have a major impact in transforming human beings\' utilization of information technology.');
/*!40000 ALTER TABLE `organizationsDatabase` ENABLE KEYS */;
UNLOCK TABLES;

--
-- Table structure for table `pateKeywordsDatabase`
--

DROP TABLE IF EXISTS `pateKeywordsDatabase`;
/*!40101 SET @saved_cs_client     = @@character_set_client */;
/*!40101 SET character_set_client = utf8 */;
CREATE TABLE `pateKeywordsDatabase` (
  `pateKeyId` bigint(20) unsigned NOT NULL DEFAULT '0',
  `pateKey` varchar(500) DEFAULT NULL,
  PRIMARY KEY (`pateKeyId`)
) ENGINE=InnoDB DEFAULT CHARSET=latin1;
/*!40101 SET character_set_client = @saved_cs_client */;

--
-- Dumping data for table `pateKeywordsDatabase`
--

LOCK TABLES `pateKeywordsDatabase` WRITE;
/*!40000 ALTER TABLE `pateKeywordsDatabase` DISABLE KEYS */;
INSERT INTO `pateKeywordsDatabase` VALUES (1,'Security'),(2,'Computer'),(3,'Open source'),(4,'2004 albums'),(5,'Computer security'),(6,'Vulnerability'),(7,'Risk'),(8,'Computer insecurity'),(9,'computer security problems'),(10,'good programming skills'),(11,'strong technical background'),(12,'open source projects'),(13,'security'),(14,'security enthusiast'),(15,'malware analysis'),(16,'vulnerability analysis'),(17,'vulnerabilities'),(18,'programming'),(19,'Computer programming'),(20,'computer vision algorithm'),(21,'telepresence robots'),(22,'Computer programming'),(23,'computer vision algorithm'),(24,'telepresence robots'),(25,'Computer programming'),(26,'computer vision algorithm'),(27,'telepresence robots'),(28,'Computer programming'),(29,'computer vision algorithm'),(30,'telepresence robots'),(31,'Computer programming'),(32,'telepresence robots'),(33,'vision algorithm'),(34,'real-time');
/*!40000 ALTER TABLE `pateKeywordsDatabase` ENABLE KEYS */;
UNLOCK TABLES;

--
-- Table structure for table `projectGuru`
--

DROP TABLE IF EXISTS `projectGuru`;
/*!40101 SET @saved_cs_client     = @@character_set_client */;
/*!40101 SET character_set_client = utf8 */;
CREATE TABLE `projectGuru` (
  `projectId` bigint(20) unsigned NOT NULL,
  `linkedinId` varchar(50) NOT NULL,
  PRIMARY KEY (`projectId`,`linkedinId`),
  KEY `linkedinId` (`linkedinId`),
  CONSTRAINT `projectGuru_ibfk_1` FOREIGN KEY (`projectId`) REFERENCES `userProjects` (`projectId`) ON DELETE CASCADE,
  CONSTRAINT `projectGuru_ibfk_2` FOREIGN KEY (`linkedinId`) REFERENCES `usertable` (`linkedinId`) ON DELETE CASCADE
) ENGINE=InnoDB DEFAULT CHARSET=latin1;
/*!40101 SET character_set_client = @saved_cs_client */;

--
-- Dumping data for table `projectGuru`
--

LOCK TABLES `projectGuru` WRITE;
/*!40000 ALTER TABLE `projectGuru` DISABLE KEYS */;
/*!40000 ALTER TABLE `projectGuru` ENABLE KEYS */;
UNLOCK TABLES;

--
-- Table structure for table `projectInvites`
--

DROP TABLE IF EXISTS `projectInvites`;
/*!40101 SET @saved_cs_client     = @@character_set_client */;
/*!40101 SET character_set_client = utf8 */;
CREATE TABLE `projectInvites` (
  `projectId` bigint(20) unsigned NOT NULL,
  `linkedinId` varchar(50) NOT NULL,
  PRIMARY KEY (`projectId`,`linkedinId`),
  KEY `linkedinId` (`linkedinId`),
  CONSTRAINT `projectInvites_ibfk_1` FOREIGN KEY (`projectId`) REFERENCES `userProjects` (`projectId`) ON DELETE CASCADE,
  CONSTRAINT `projectInvites_ibfk_2` FOREIGN KEY (`linkedinId`) REFERENCES `usertable` (`linkedinId`) ON DELETE CASCADE
) ENGINE=InnoDB DEFAULT CHARSET=latin1;
/*!40101 SET character_set_client = @saved_cs_client */;

--
-- Dumping data for table `projectInvites`
--

LOCK TABLES `projectInvites` WRITE;
/*!40000 ALTER TABLE `projectInvites` DISABLE KEYS */;
/*!40000 ALTER TABLE `projectInvites` ENABLE KEYS */;
UNLOCK TABLES;

--
-- Table structure for table `projectPateAssociations`
--

DROP TABLE IF EXISTS `projectPateAssociations`;
/*!40101 SET @saved_cs_client     = @@character_set_client */;
/*!40101 SET character_set_client = utf8 */;
CREATE TABLE `projectPateAssociations` (
  `projectId` bigint(20) unsigned NOT NULL,
  `pateKeyId` bigint(20) unsigned NOT NULL DEFAULT '0',
  `keyType` tinyint(1) DEFAULT NULL,
  `keyWeight` float DEFAULT NULL,
  PRIMARY KEY (`projectId`,`pateKeyId`),
  KEY `pateKeyId` (`pateKeyId`),
  CONSTRAINT `projectPateAssociations_ibfk_1` FOREIGN KEY (`projectId`) REFERENCES `userProjects` (`projectId`) ON DELETE CASCADE,
  CONSTRAINT `projectPateAssociations_ibfk_2` FOREIGN KEY (`pateKeyId`) REFERENCES `skillsDatabase` (`skillId`) ON DELETE CASCADE
) ENGINE=InnoDB DEFAULT CHARSET=latin1;
/*!40101 SET character_set_client = @saved_cs_client */;

--
-- Dumping data for table `projectPateAssociations`
--

LOCK TABLES `projectPateAssociations` WRITE;
/*!40000 ALTER TABLE `projectPateAssociations` DISABLE KEYS */;
/*!40000 ALTER TABLE `projectPateAssociations` ENABLE KEYS */;
UNLOCK TABLES;

--
-- Table structure for table `projectSkills`
--

DROP TABLE IF EXISTS `projectSkills`;
/*!40101 SET @saved_cs_client     = @@character_set_client */;
/*!40101 SET character_set_client = utf8 */;
CREATE TABLE `projectSkills` (
  `projectId` bigint(20) unsigned NOT NULL,
  `skillId` bigint(20) unsigned NOT NULL DEFAULT '0',
  PRIMARY KEY (`projectId`,`skillId`),
  KEY `skillId` (`skillId`),
  CONSTRAINT `projectSkills_ibfk_1` FOREIGN KEY (`projectId`) REFERENCES `userProjects` (`projectId`) ON DELETE CASCADE,
  CONSTRAINT `projectSkills_ibfk_2` FOREIGN KEY (`skillId`) REFERENCES `skillsDatabase` (`skillId`) ON DELETE CASCADE
) ENGINE=InnoDB DEFAULT CHARSET=latin1;
/*!40101 SET character_set_client = @saved_cs_client */;

--
-- Dumping data for table `projectSkills`
--

LOCK TABLES `projectSkills` WRITE;
/*!40000 ALTER TABLE `projectSkills` DISABLE KEYS */;
/*!40000 ALTER TABLE `projectSkills` ENABLE KEYS */;
UNLOCK TABLES;

--
-- Table structure for table `projectStudent`
--

DROP TABLE IF EXISTS `projectStudent`;
/*!40101 SET @saved_cs_client     = @@character_set_client */;
/*!40101 SET character_set_client = utf8 */;
CREATE TABLE `projectStudent` (
  `projectId` bigint(20) unsigned NOT NULL,
  `linkedinId` varchar(50) NOT NULL,
  PRIMARY KEY (`projectId`,`linkedinId`),
  KEY `linkedinId` (`linkedinId`),
  CONSTRAINT `projectStudent_ibfk_1` FOREIGN KEY (`projectId`) REFERENCES `userProjects` (`projectId`) ON DELETE CASCADE,
  CONSTRAINT `projectStudent_ibfk_2` FOREIGN KEY (`linkedinId`) REFERENCES `usertable` (`linkedinId`) ON DELETE CASCADE
) ENGINE=InnoDB DEFAULT CHARSET=latin1;
/*!40101 SET character_set_client = @saved_cs_client */;

--
-- Dumping data for table `projectStudent`
--

LOCK TABLES `projectStudent` WRITE;
/*!40000 ALTER TABLE `projectStudent` DISABLE KEYS */;
/*!40000 ALTER TABLE `projectStudent` ENABLE KEYS */;
UNLOCK TABLES;

--
-- Table structure for table `skillsDatabase`
--

DROP TABLE IF EXISTS `skillsDatabase`;
/*!40101 SET @saved_cs_client     = @@character_set_client */;
/*!40101 SET character_set_client = utf8 */;
CREATE TABLE `skillsDatabase` (
  `skillName` varchar(300) DEFAULT NULL,
  `skillId` bigint(20) unsigned NOT NULL AUTO_INCREMENT,
  `addedByPate` tinyint(1) DEFAULT '0',
  PRIMARY KEY (`skillId`)
) ENGINE=InnoDB AUTO_INCREMENT=183 DEFAULT CHARSET=latin1;
/*!40101 SET character_set_client = @saved_cs_client */;

--
-- Dumping data for table `skillsDatabase`
--

LOCK TABLES `skillsDatabase` WRITE;
/*!40000 ALTER TABLE `skillsDatabase` DISABLE KEYS */;
INSERT INTO `skillsDatabase` VALUES ('Vulnerability',1,0),('Research',2,0),('Malware Analysis',3,0),('C',4,0),('Java',5,0),('Objective-C',6,0),('J2EE',7,0),('Computer Security',8,0),('OWASP',9,0),('Network Security',10,0),('Security',11,0),('C++',12,0),('Penetration Testing',13,0),('Vulnerability Assessment',14,0),('Web Application Security',15,0),('Application Security',16,0),('Reverse Engineering',17,0),('MySQL',18,0),('Cyber Security',19,0),('IDS',20,0),('System Architecture',21,0),('Software Development',22,0),('Software Engineering',23,0),('UML',24,0),('Cryptography',25,0),('Security Research',26,0),('Web Security',27,0),('Encryption',28,0),('iPhone development',29,0),('GREM',30,0),('Information Security',31,0),('XML',32,0),('Apache',33,0),('Web Applications',34,0),('Data Mining',35,0),('Agile Methodologies',36,0),('Wireshark',37,0),('Information Technology',38,0),('Tomcat',39,0),('Eclipse',40,0),('Git',41,0),('Virtualization',42,0),('VMware Workstation',43,0),('Computer Science',44,0),('Machine Learning',45,0),('Pattern Recognition',46,0),('Computer Engineering',47,0),('Graph Theory',48,0),('Digital Image Processing',49,0),('Computer Vision',50,0),('Image Processing',51,0),('Matlab',52,0),('Python',53,0),('PHP',54,0),('Statistical Signal Processing',55,0),('Algorithms',56,0),('JavaScript',57,0),('Programming',58,0),('HTML',59,0),('C#',60,0),('Product Innovation',61,0),('Team Building',62,0),('Systems Analysis',63,0),('Embedded Systems',64,0),('Product Management',65,0),('Testing',66,0),('Embedded Software',67,0),('Firmware',68,0),('Debugging',69,0),('VHDL',70,0),('System Verilog',71,0),('Verilog',72,0),('FPGA',73,0),('Computer programming',74,1),('computer vision algorithm',75,1),('telepresence robots',76,1),('Computer',77,1),('Open source',78,0),('2004 albums',79,1),('Risk',80,1),('Computer insecurity',81,1),('computer security problems',82,1),('good programming skills',83,1),('strong technical background',84,1),('open source projects',85,1),('security enthusiast',86,1),('vulnerability analysis',87,1),('vulnerabilities',88,1),('Writing',89,1),('Stationery',90,1),('pencil',91,1),('paper',92,1),('intriguing computer security',93,1),('importance',94,1),('pioneer',95,1),('concept',96,1),('fool',97,1),('Smart card',98,0),('smart card reader',99,1),('Writing',100,1),('College of Engineering',101,0),('College of Science',102,0),('College of Humanities, Arts, & Social Sciences',103,0),('Nanyang Business School',104,0),('Wee Kim Wee SCI',105,0),('National Institute of Education',106,0),('RSIS',107,0),('EOS',108,0),('SCELSE',109,0),('Software',110,0),('Web',111,0),('Community',112,0),('Non-Profit',113,0),('Code',114,0),('Frameworks',115,0),('Information',116,0),('Location Based Service',117,0),('Geo-Spatial',118,0),('Digital Map',119,0),('LBS',120,0),('Mobile Application',121,0),('Mobile Solutions',122,0),('Mobile Directional Medium',123,0),('Mobile Application Development',124,0),('Mobile Integration',125,0),('Aerospace',126,0),('Defence',127,0),('Space',128,0),('professional guitarist',129,1),('Cannabaceae',130,1),('Cannabis',131,1),('Rosales',132,1),('e.g',133,1),('e.g. Humulus',134,1),('herbs',135,1),('Moraceae',136,1),('Celtis',137,1),('Members',138,1),('family',139,1),('Times Higher Education-QS World University Rankings',140,1),('NTU',141,1),('University',142,1),('Academic Ranking of World Universities',143,1),('wireless network',144,1),('Academic degree',145,1),('Higher education',146,1),('College',147,1),('Bachelor\'s degree',148,1),('Postgraduate education',149,1),('EADS',150,1),('BAE Systems',151,1),('Airbus',152,1),('Marconi Electronic Systems',153,1),('British Aerospace',154,1),('Eurofighter Typhoon',155,1),('Yellow Pages',156,1),('Telephone directory',157,1),('Telephone numbers',158,1),('Private equity',159,1),('Directories',160,1),('Web application framework',161,1),('Primary source',162,1),('web-based applications',163,1),('proxy server',164,1),('Identification',165,0),('Access Control',166,0),('Contactless',167,0),('Readers',168,0),('Digital Media',169,0),('Near Field Communication',170,0),('RFID',171,0),('Identity Management',172,0),('airplane simulator',173,1),('Technology Strategy Consulting',174,0),('IT Services',175,0),('Business Process Outsourcing (BPO)',176,0),('Outsourcing services',177,0),('CRM solutions',178,0),('ERP solutions',179,0),('Supply Chain Management solutions',180,0),('BI and Analytics services and solutions',181,0),('Cloud Solutions and Services',182,0);
/*!40000 ALTER TABLE `skillsDatabase` ENABLE KEYS */;
UNLOCK TABLES;

--
-- Table structure for table `tokenTable`
--

DROP TABLE IF EXISTS `tokenTable`;
/*!40101 SET @saved_cs_client     = @@character_set_client */;
/*!40101 SET character_set_client = utf8 */;
CREATE TABLE `tokenTable` (
  `gkToken` varchar(600) NOT NULL,
  `linkedinToken` varchar(600) DEFAULT NULL,
  `linkedinSecret` varchar(600) DEFAULT NULL,
  `linkedinId` varchar(50) DEFAULT NULL,
  `timestamp` bigint(20) unsigned NOT NULL,
  PRIMARY KEY (`gkToken`),
  KEY `linkedinIDIndex` (`linkedinId`),
  CONSTRAINT `tokenTable_ibfk_1` FOREIGN KEY (`linkedinId`) REFERENCES `usertable` (`linkedinId`) ON DELETE CASCADE
) ENGINE=InnoDB DEFAULT CHARSET=latin1;
/*!40101 SET character_set_client = @saved_cs_client */;

--
-- Dumping data for table `tokenTable`
--

LOCK TABLES `tokenTable` WRITE;
/*!40000 ALTER TABLE `tokenTable` DISABLE KEYS */;
INSERT INTO `tokenTable` VALUES ('1fJObcPOmVWvhG7gBmFuFBC1Eii6vuqgsrYG8aT8MbAcBD8SPLyvcoytGiBJbnvuOlhdFLlzaqMlmwUhE5m8S4zbD1axSxdPF2LdS6N01Y1ekd1YBjH1fgzHvZYHAWC4','15f8113c-c636-4f88-ba60-ee404bf5be4a','94cf6a5c-9c6a-4a89-9ef1-538627ce7c6f','5xxovp4bC1',1354592072670),('4LKXL0XaUvlOAUabrdFfM2Y92U1zxM1jG5Y3AeFsniVvoDDq0RRH6gwBFaDTFyYA5byd2yw29K5XR2a2uvu8sp5fPmxdgLSrkr7JFR48BlqvP0P0kofcKevUBeX2ZO4L','c702be4c-49b5-4e64-a06a-f2d5db0f76f0','29c07eee-56e3-47d9-82b8-3f8d55f4d63d','6xyjsHvnjV',1355812878505),('4QCyt3fZn8ndCcqGXoNT3U5XsEk2z7sIOWfYRKRYSpBslXkwpnh1QBHWieXkBa95LWg6fTmoUaKGNUCJcZgUDMW2VE4ley5ek3eCGkLhQdkZwqrWf1nfWOwmXvn48vE0','4887d3e2-ecdb-4b29-8eca-9121b36eb36d','017952c0-2e06-454e-9a79-c468b4ef8d42','yDwaFOtNT9',1355818786851),('5bfv34cnceTQSqyeYd3DMcI9XrLUu36w6vee6p60Jm5CSfcZ1ryU5quEs0m7ucErccnxIaKkNDV57aKeBU9T1jJuxHwVnJLZf6Ruxej6cQQyKloODGq1xMqzVFmMMn3e','15f8113c-c636-4f88-ba60-ee404bf5be4a','94cf6a5c-9c6a-4a89-9ef1-538627ce7c6f','5xxovp4bC1',1355023420041),('8cd0IuAc5LrRcJVOlPr0jfyj21gOkBkwhFZAzp0zo2FppNirRFqV1vPwPawD2M4SKmxpOTomN0Y25dvwL9VTVio89WkSgJv1z62D4XBjL1iSZFrv4X71BFXtf5hKZytZ','c702be4c-49b5-4e64-a06a-f2d5db0f76f0','29c07eee-56e3-47d9-82b8-3f8d55f4d63d','6xyjsHvnjV',1355813177096),('ArxyYmMSCkp9WRRbafbNC1TVgLpmkXQ4mVylIff3pOozgVAzkhZ3uV3Rpn66lutziyiO5u7anH9nUiKCYMm5FwE4gUE7ULkA6o3dTWiwfg5GBAFC8ld64ndx8bcOy24g','15f8113c-c636-4f88-ba60-ee404bf5be4a','94cf6a5c-9c6a-4a89-9ef1-538627ce7c6f','5xxovp4bC1',1355025455653),('b0K8QLLKdcR3WlHU8pMhOpIgcknEZGCrL9DS6A1isQ0MJkIvjTiQRF2lZ5S8UhHHSuHYjRrfjGFFV4wf4JBRKEpKbd21C2wsbU9jkjIR6o7dVqiIYHEqgLcIB7LZ3GTv','15f8113c-c636-4f88-ba60-ee404bf5be4a','94cf6a5c-9c6a-4a89-9ef1-538627ce7c6f','5xxovp4bC1',1354771484331),('Bj6rxIXeIcXcTeHw3UfPrAS0xJYUU16Tl2dmVFx61Oh82Cvnx7XEZ48khOOnZOUckN4g5UkeKwTYF9KucWen0g1Zs0AUOm5kfBxVeOZDp8p080dqFbZmIwtRvbAzou5B','15f8113c-c636-4f88-ba60-ee404bf5be4a','94cf6a5c-9c6a-4a89-9ef1-538627ce7c6f','5xxovp4bC1',1355717027612),('cNOW2bdPdRcSM51VGbleNYRmE7fEFuXRka3vvuGzTHH7qD5XExVjbA1lZ1rlGzwMg0V9iVk5K3s8bzhfgNsIyT5LXgslSLJwfhtugcwLz1ajG0ZWnQu8V0XzgUDOF6hz','15f8113c-c636-4f88-ba60-ee404bf5be4a','94cf6a5c-9c6a-4a89-9ef1-538627ce7c6f','5xxovp4bC1',1354955287366),('CXWlKHWso2wLpqSS6Pk59gxknR6G7uT90AzSozwGTy2LKS6Nw9RjsyW24Y8g8U2qCAnq6QAOadA6fhYRubQ82kn2G55Ss1BuCwZLWi9QscCBrFCmcXNTudj0ZLwffyU4','c702be4c-49b5-4e64-a06a-f2d5db0f76f0','29c07eee-56e3-47d9-82b8-3f8d55f4d63d','6xyjsHvnjV',1355814799375),('CyKJ4mwreJp4pcvmKIwLKVMJQscpSBwg4AqM71eIr45UD8DVTdpJFhXNHaWrGYEkMKW5KNrbg5ToHdf9dl5K2z7awPR7ipG5vLAv4FszIBMn1w3RkPQgvzQ2vPZiubOE','15f8113c-c636-4f88-ba60-ee404bf5be4a','94cf6a5c-9c6a-4a89-9ef1-538627ce7c6f','5xxovp4bC1',1352639468354),('dvLuBR6Kd9VM0hJC8mLUV9lc5SuZtplx36vfXIhDyBPQgXMmprJbMX9jNQBSSUX4gzGdiRKZ6gcNmgIUNSuy3b1pHd4EEFRqmYeMFkAtMwMqSxF9ts2lzjdKjK2MeqFQ','c702be4c-49b5-4e64-a06a-f2d5db0f76f0','29c07eee-56e3-47d9-82b8-3f8d55f4d63d','6xyjsHvnjV',1355813790397),('eEW8Q5nFmS4tGBKJU3YTuqudSoswkUa2WEKsDzaZMSp1SNKYiRCebUP3k9QMp3xVSYaKNdKXn8qX9FKy1ExlLBECwfuRHH2odZ2TEGY7rsJ84miN0Q5TRrWZZfffDXnR','15f8113c-c636-4f88-ba60-ee404bf5be4a','94cf6a5c-9c6a-4a89-9ef1-538627ce7c6f','5xxovp4bC1',1355717830866),('eHNntGShSRdF8muNBOq14yvoBhIsGXh65XriMg2cA3DVR3M5zqeJrjfQkR38QWPbLGM2NUOg8u9kKsxRMBNQo2wGE9EKLQ6nYm5hAcHV8Pa48fzR0M8XyZOsOJI1tQxE','15f8113c-c636-4f88-ba60-ee404bf5be4a','94cf6a5c-9c6a-4a89-9ef1-538627ce7c6f','5xxovp4bC1',1352639037282),('EXoiTFhAcxrWiZAFVo4rBIIiXzYm83f7yuP39Q8HcIKFpucI7TqfLnUxDpkf7wArQrz2zuMCdds2vGzC2X4gCz5nJZCkJAX2RevMRLqNCPLs4F90TBZbWCgXapcEBej5','15f8113c-c636-4f88-ba60-ee404bf5be4a','94cf6a5c-9c6a-4a89-9ef1-538627ce7c6f','5xxovp4bC1',1355646539744),('FnS35ZOsfLYg20YhGDKxEU8sQA9sneCKxch94l1vWM1gzLvAZU1ka8guXA2climldnhaqw5J8CHd54zeYERLoWBUTTdw2aYQQVVYME8xa3W3pXRJMZeG3ZE2vXChmEOI','15f8113c-c636-4f88-ba60-ee404bf5be4a','94cf6a5c-9c6a-4a89-9ef1-538627ce7c6f','5xxovp4bC1',1355638069997),('fsMfwJd9cv4Sap4dhlQql18OCZLgPeFMisoIAEYY3WTfcTezZGe0SWb518rO7axqx5z9c9UOMq8udsdKAzqysjk6mm2zdHIeOCLQ20It7ibhkAOe5NM4fMjqqTSn5LlN','15f8113c-c636-4f88-ba60-ee404bf5be4a','94cf6a5c-9c6a-4a89-9ef1-538627ce7c6f','5xxovp4bC1',1355114856923),('H1QwnjlUZuuWJmrZ6gr1RPdQ7valhJrsAUN4vKp24bueKStRJQ0zOeMMrTX8QWVkrFYnmvffGs3y1wcKt0HaPifY4ZGG6J7Uh2mBpMVsXaRXwXvgXyalkbR3CmNeBNQB','15f8113c-c636-4f88-ba60-ee404bf5be4a','94cf6a5c-9c6a-4a89-9ef1-538627ce7c6f','5xxovp4bC1',1354626169911),('HPepYs9Xil6pAENCitEjlyr4KBlk6RQ4hTAlNvyzHPZhZHhakArGOfgwHyHnYLWdJBjEGG8bsTgs03e6gGzFPWaPATH0TiGBklZc0h8qJiHfRzMEt2oFVF0MI3Utg9UT','15f8113c-c636-4f88-ba60-ee404bf5be4a','94cf6a5c-9c6a-4a89-9ef1-538627ce7c6f','5xxovp4bC1',1354979269980),('HuxXRc1T79EaDxgVJ6ge5zGPicN2Yrv8XPoCwPdaSWNC4pOdus3KZrIYVtWKwXCjMTLgXMt7dsjbid0HdiFiV8eoGOMNOQuycOAAmAkZZ6Uo9sxX0DUPzJMVZI5tYzIK','15f8113c-c636-4f88-ba60-ee404bf5be4a','94cf6a5c-9c6a-4a89-9ef1-538627ce7c6f','5xxovp4bC1',1352639836821),('JOlkT1t6ljRyKkwmjQru2wB4SL5iF9dXsbmgBJ9FhpdLFDSPcRaZT4t88Nl8daUurJ5YUfZj5HAYZ1Mg1bccNCnD4g0sy6OrRCTSxvxzREUNwTmA4MZpg40rLb0iQzWo','15f8113c-c636-4f88-ba60-ee404bf5be4a','94cf6a5c-9c6a-4a89-9ef1-538627ce7c6f','5xxovp4bC1',1354771344369),('kA0uIA8Kh9DOMYQVBrwSZ7Ri44bKKV5OfYUnoI0LV2tbZ4VCcC2RJBT2RRsoZpz0SWnOp6wtock8T6xRbJykiB3GAsxBemjRILE7Zs0WKRFvpHonZoAxD8Wiz4XFVoyq','15f8113c-c636-4f88-ba60-ee404bf5be4a','94cf6a5c-9c6a-4a89-9ef1-538627ce7c6f','5xxovp4bC1',1352635023082),('kbW4iyBQUePEdHiogSuTRlDrcrjYWDTkDDV1qWv34BFjPhqYR5OlWrqWE8eYUZZxo4JbCFHEOX7OmZGLznQHG307n2B4XsJw5dhpBFeu2hcCrQT7x3JXDmSweZ1zCobJ','15f8113c-c636-4f88-ba60-ee404bf5be4a','94cf6a5c-9c6a-4a89-9ef1-538627ce7c6f','5xxovp4bC1',1352639577034),('l0P6PJhMKf7OzB3veVzHXzUbsdIXTH7IfDlNoiRdc6pRmfeBwN4oOXz8wCSXeQ6gb5yzWZiIrC0YaJs6fg41UIUML64RmREAjYDHNBuGfOgZiJUPo3vTnrlB89C66gGj','15f8113c-c636-4f88-ba60-ee404bf5be4a','94cf6a5c-9c6a-4a89-9ef1-538627ce7c6f','5xxovp4bC1',1355637865754),('L3Ef4YbDWLrW85ZLYUq0o4PRlwoW3ZY0MVEnj1NYpO0jJKexyp2l9YR1ei4JDifUXsQ6s40OldCJqBjWXqC228GGzsxK9GtWtQDQlosWjlOl1X2GYu0QjUoYLW7ZcqGt','15f8113c-c636-4f88-ba60-ee404bf5be4a','94cf6a5c-9c6a-4a89-9ef1-538627ce7c6f','5xxovp4bC1',1354591364623),('l5PtEHLZVaH5YQz2RxKnozGfHVkhp9ZO4bJs4P0GX7W5ywVGm9SW8FSc5XNhwJcBclrWMAPTp2712oW1Ve3BhOw7af8t8UXyw41qOQTZZxLEAatY4bNFOcec95hLg29s','15f8113c-c636-4f88-ba60-ee404bf5be4a','94cf6a5c-9c6a-4a89-9ef1-538627ce7c6f','5xxovp4bC1',1352641768778),('lDdVRrquLu2dmpghXQCNAdfDZwLM55px7lskO10kL3biMqLnGsG5DmRM19ycNR5sMi6uKxbFTAUCR7n4R7M7exwRi7RhsmcbuCEF6KY6tBlBRRQrSW8MdVntmuMhAMOo','15f8113c-c636-4f88-ba60-ee404bf5be4a','94cf6a5c-9c6a-4a89-9ef1-538627ce7c6f','5xxovp4bC1',1352641795185),('lkF38QOBvF72Jt7VHLS3FH1v6cy0KGjRjU92nTh6xumqk23mXzQpxOcr6kPx2Hibz8UMRYEUdWv44hrLUx3VwXrjzFDt9dbPqmqN4gw8w2iok4kS2YbJJ9xFWBMFHp2E','15f8113c-c636-4f88-ba60-ee404bf5be4a','94cf6a5c-9c6a-4a89-9ef1-538627ce7c6f','5xxovp4bC1',1354591912521),('mTzdQupCern7iEFBpzzg3VSMfYboexY0z4yndHvAcwbopgTxXqPYdehki7faXAWHxvvaYj3O1ZMNoVr6W02DHYImpIUbsnJLZJKUdFRu8Q53h64wAruBC0emZQrBpZiN','c702be4c-49b5-4e64-a06a-f2d5db0f76f0','29c07eee-56e3-47d9-82b8-3f8d55f4d63d','6xyjsHvnjV',1355816807754),('mvkTcmWYwOa2kU8ew1Ul93RV48sr5s7wFnfmVTHBsKA92YNn5xOxKDkW5oHhZkxzxNXJHLEIVz14SUSFfNZe3hv3wseyd0FbOrok5rOdY5YHJO6jIEynwlZRsjMHXQ2K','15f8113c-c636-4f88-ba60-ee404bf5be4a','94cf6a5c-9c6a-4a89-9ef1-538627ce7c6f','5xxovp4bC1',1355206002662),('n29tbjxQs9kZfelNIDOnGYELmtbebDA6RHEWfvAdQ8Sq3I1RZtG12wO4BvntSeRLbBhq7cMAm3EjIE2dnR9lP2H3uypuKFfylNf46mbGIWTiZsCUCCvjYWul1745hR9E','15f8113c-c636-4f88-ba60-ee404bf5be4a','94cf6a5c-9c6a-4a89-9ef1-538627ce7c6f','5xxovp4bC1',1355818808176),('N3pDNJkyLQ9C251fMnCGI1W6oxNbb2QQNcqGi7OTwJuF54j1RomoBv1ncfyLq0HuUIXXShY9HjkzRYgV50ztKPuvTWMojEK9iAVEEAfjyqTQsO5yrIFWWsO9iJmPIcR5','15f8113c-c636-4f88-ba60-ee404bf5be4a','94cf6a5c-9c6a-4a89-9ef1-538627ce7c6f','5xxovp4bC1',1352637209007),('nKxyb6y6MRmEGqq9QmYu5GN9rRIhoo3lmtoZjtQSCs3CNV0XnbSYjC3kZ7BvF9vrbcdh288IpJ5fd9VwHjqrjcIgHFoZ3yCnDZnyXo1mV86SqbMx5oq8dt6Of4hA0J3S','15f8113c-c636-4f88-ba60-ee404bf5be4a','94cf6a5c-9c6a-4a89-9ef1-538627ce7c6f','5xxovp4bC1',1352635312978),('o8Ns2amvcE2q2vRZm3Ujp2NSplkXXZgXGy0Pos2ehDUhhZ53xbuw6Tf0kp2C4PgaW1dZKYGRiV5nmKzJCM8pVjHRtTff5ckkbpyTvqE2cWsOVdG6446yynRt30Rq0oQa','15f8113c-c636-4f88-ba60-ee404bf5be4a','94cf6a5c-9c6a-4a89-9ef1-538627ce7c6f','5xxovp4bC1',1355210568521),('OoeAI7gYjUoEiCMKCbaaUSZ7YhXIBLV1BD8KNWbMBG5p1Ls8N5t2Bm6eu9aIKi6w8Kx7P1yAezubNIo5sE32K8xUt66fxijLuf5HsCUWHhTAFrnETVW5v8oyWZT2SLi3','15f8113c-c636-4f88-ba60-ee404bf5be4a','94cf6a5c-9c6a-4a89-9ef1-538627ce7c6f','5xxovp4bC1',1355221976708),('OSmRgYycEnH6Pwg6qO8X6ok3G9cljSPlfOG9Ep1K0G9k6M9CopqmYM8zGEYUbSRdEDwirXO0chcJnd1jy5b7bebmxVUwWrAx9I1OWNSJ8owNQhN7zAFDek8ug824CfYH','15f8113c-c636-4f88-ba60-ee404bf5be4a','94cf6a5c-9c6a-4a89-9ef1-538627ce7c6f','5xxovp4bC1',1355716874376),('oV9lKBMKP5zEwlkapOWLtb0WQMvgf8SIWn9WMI93V88XrIBle1IGNKrqHrlhVvTRkOC5aXxyYX21RxmtzeGekbi95RPLtcsZ8BohNJ2ZfuFpSRNzazoVx6WXKeofn08h','15f8113c-c636-4f88-ba60-ee404bf5be4a','94cf6a5c-9c6a-4a89-9ef1-538627ce7c6f','5xxovp4bC1',1355718109909),('pUWX3YS1zHLTE7Wb9gmuNxvA13tHSdjA9CWv1vDcPlXpcleP8jTjuxewJnOcMN7pABOCT4UNIMsJWvW6KIdOFBswoyRVYvo04wjtXnvpPXTmXpgqlnlx2y8h5C3q6J00','15f8113c-c636-4f88-ba60-ee404bf5be4a','94cf6a5c-9c6a-4a89-9ef1-538627ce7c6f','5xxovp4bC1',1355646891639),('pXrU3jXAgrN49GlfMvLbsqEJhLtyUPiiyPSZlAw5lYUffneMAJjyGm0dTS2HLtq0o3DvwBo0Gtu3Wc1VvyU6TJ5J0PbofFozTqZ4VNjj3Qvmo8cztE44ExunPIhHlJQv','15f8113c-c636-4f88-ba60-ee404bf5be4a','94cf6a5c-9c6a-4a89-9ef1-538627ce7c6f','5xxovp4bC1',1352716642066),('Qjb0YKMK6MIGnmex0Dibao8lmfhdIoAQOZDYw5GgE9NrZ23UFcESK5okwqOQwGAWATuGdh74Tiw5bhNOxAJGxbsP6VDA3UhEuHsAsptqqPYIi1qrCgGbnzvkpP3oDyQr','15f8113c-c636-4f88-ba60-ee404bf5be4a','94cf6a5c-9c6a-4a89-9ef1-538627ce7c6f','5xxovp4bC1',1355646425814),('QOGSBs7y0HtmdRn85EOo9oH31KTpZTcNtJZIbDAZfkK3VJrSW9gvqoFF4zLrxtEeLRn2fz9CvYEnLsDZ5O8XQ5dR02ZtNlqMY8uY95lX0RFmKcrR04g0AQdjXWYhNnWM','15f8113c-c636-4f88-ba60-ee404bf5be4a','94cf6a5c-9c6a-4a89-9ef1-538627ce7c6f','5xxovp4bC1',1354625504539),('RhdYgaQiJU4tU8sGOUWqTaY3PwCXXMXrWIgcuVzm5DpMSm2vSnQ7cgklLo1Djqczyl8uiRbnvtGGAXaQqSJQJvnuysAYfTDwm3NbQAO7b5uMmLb1eHUbAR8PEzx8VJjF','15f8113c-c636-4f88-ba60-ee404bf5be4a','94cf6a5c-9c6a-4a89-9ef1-538627ce7c6f','5xxovp4bC1',1355638729439),('RKx0BLgHpBcSTGuXpmtH3sDkOv8vfI7P75bTzlLwIuX5hL9mZIJkMeGX0fMHqbdYe66mainp0fdgheYqr7sF4hFBJlQOwZ5AE9DcGcxxXMKhDa053nuM4jWqHtjEoVaJ','15f8113c-c636-4f88-ba60-ee404bf5be4a','94cf6a5c-9c6a-4a89-9ef1-538627ce7c6f','5xxovp4bC1',1355818129880),('RL1pw9tvIZzQE5g5fH3anHkKrsoCHtQo1BMH4BOjPjVxgW1MNj97bYvwfe0zbcZdXzr9uptxffGd6DM7KtbBvo0uIUg56pKKrPnknP5WbswGFqLZartjnJztcsyL97Sh','15f8113c-c636-4f88-ba60-ee404bf5be4a','94cf6a5c-9c6a-4a89-9ef1-538627ce7c6f','5xxovp4bC1',1352639998511),('RMcyPtdbZAQhWum9qVIgkAwU8liJf92OGJBrGgJDFpjH3UOlaYSvBCwF69hHWxW7j8QoeOReFfSrkzlXCfrMbR7inrwvJKRnD5RWkpudE6lYCm6XdRUQyMu3TuSU0ZEU','15f8113c-c636-4f88-ba60-ee404bf5be4a','94cf6a5c-9c6a-4a89-9ef1-538627ce7c6f','5xxovp4bC1',1355718269453),('sb7gcEhtmvADGjTtpjQv9IBEyLdjB2elgmwMPRZR9k3YBlIA1oR2RoiehbcxRYX5PIvZc5XvFBPTkUPMrA9swqv3FGkV4jh5DtEE085Jz4REOTP18apPRcq5uE98mSA5','15f8113c-c636-4f88-ba60-ee404bf5be4a','94cf6a5c-9c6a-4a89-9ef1-538627ce7c6f','5xxovp4bC1',1352641786314),('SBvVgEIJKY2XmrBvoo4suHxFs8mP0UBjMpG52Hg4zjWfXtlJVioBOSzZ2iwGPiy5bSNeNv7lqQQS8GQqv5DBhB5tAAGANjjeREYJW39gujXJa7fQ3IPRFBqtaeuPN0dS','15f8113c-c636-4f88-ba60-ee404bf5be4a','94cf6a5c-9c6a-4a89-9ef1-538627ce7c6f','5xxovp4bC1',1354679987884),('sRSzP90hH5yokJYYsTh7Edqmk5e2wkacQFXzKJUMOEF3w4w6Ng9pgH0hoPvOJFCggMw3mtvcxh9YBAbAS6KLnP5EJp6D78C7UlOH1q0Pk4ex6HoSKbgLVPID1d38P41p','15f8113c-c636-4f88-ba60-ee404bf5be4a','94cf6a5c-9c6a-4a89-9ef1-538627ce7c6f','5xxovp4bC1',1352640955480),('tKwlmBQmSQczm0SIjc8GiBNEPvzH7KuDRqvRWLyeCAYH3wFD3gHSGgtSasqO8GvVRLdVyaKcXwkkCrs52l5hUjFtuV0FwMRNPAgxIiFUFoDXr3EWZQJDktRubOHF5FHJ','15f8113c-c636-4f88-ba60-ee404bf5be4a','94cf6a5c-9c6a-4a89-9ef1-538627ce7c6f','5xxovp4bC1',1352635147083),('tyJ0f8gDjSpR2bJFv5MbGcyxk22HA6vZj9HSjrWyr2hMOf6pMWRnmhuwwOucjOZfuiiHJEDtHeW3h6kncujIfoaQhEUgTIMulhm3CQSjviCLQvXn9W4oErGqwu9LWecJ','15f8113c-c636-4f88-ba60-ee404bf5be4a','94cf6a5c-9c6a-4a89-9ef1-538627ce7c6f','5xxovp4bC1',1354771208123),('U4SWLw4y8YbwHjUxDsPR0Npaf4Av9rOZCVwi0qz6Qi7w6K6BOphx0lTzsmastWZH1dzNcPlyAQqWFyEpKLj7sK3kRBAxDmmLK0sv6pN0MHsj2bnfkuN4B3ZalA5cxMao','15f8113c-c636-4f88-ba60-ee404bf5be4a','94cf6a5c-9c6a-4a89-9ef1-538627ce7c6f','5xxovp4bC1',1352641169768),('VAzwAhIUTNFn49UiqNeEJCLCd8dUiKm9TsfCk1PHWXrUY5QOrcgBAk1prEschnPxowfasGVbOjxAz4S2oGQRRwUbnJ3W4VAE04WqL4MljdxlihoQ8EjEkcTnjqKBgn0w','15f8113c-c636-4f88-ba60-ee404bf5be4a','94cf6a5c-9c6a-4a89-9ef1-538627ce7c6f','5xxovp4bC1',1355711410070),('wGEkBE47OQu6RXPIFHdM3COI39ihQOo8rysQamJiwjUeleIdN0eLIb2yu8QTWWP8dUsnaRzBgvqpFnSSp0YkKO1M97o3qrcu1pCJR2r1vdJws4mh2pmloJZ7igsAWO6M','c702be4c-49b5-4e64-a06a-f2d5db0f76f0','29c07eee-56e3-47d9-82b8-3f8d55f4d63d','6xyjsHvnjV',1355815198539),('wIiud53YhiByLLymDyCP2dOmYAHnNJlmF7sC332xZ5apTaDQIfULnt6wus5uNlQtomcBp2PsYu24GENj1XqugwwMmprLR0mFD3VmMr9HWuTZATOzIOz6NaoGG7llGYn4','15f8113c-c636-4f88-ba60-ee404bf5be4a','94cf6a5c-9c6a-4a89-9ef1-538627ce7c6f','5xxovp4bC1',1355717303729),('xHAdCrbGn8bJWvsDkovyYIKZugPBaGXuQXIGZkoJOdONP3HRKHznPb8qgEvwt0lHMSwE1T7DjFoxIK4xUmwRBLWRj16lm7oVfOYt4A5yPlLtTU1alLa3jIRvMuypEgHB','15f8113c-c636-4f88-ba60-ee404bf5be4a','94cf6a5c-9c6a-4a89-9ef1-538627ce7c6f','5xxovp4bC1',1352637700226),('zkww97q6IeOUPlwlqalyOcdeLPOPWoJOqyEIowhzfxcBS9IyP2F1j7L37Vzx4fwOHNCfDSWdQsGFrKUYcSWXQ6XGZ2swEJLxQYV3qDOOSmdbP61xdi8uQgwSvoF62TWq','15f8113c-c636-4f88-ba60-ee404bf5be4a','94cf6a5c-9c6a-4a89-9ef1-538627ce7c6f','5xxovp4bC1',1354010335806);
/*!40000 ALTER TABLE `tokenTable` ENABLE KEYS */;
UNLOCK TABLES;

--
-- Table structure for table `userDetails`
--

DROP TABLE IF EXISTS `userDetails`;
/*!40101 SET @saved_cs_client     = @@character_set_client */;
/*!40101 SET character_set_client = utf8 */;
CREATE TABLE `userDetails` (
  `linkedinId` varchar(50) NOT NULL DEFAULT '',
  `summary` longtext,
  `specialities` longtext,
  `lastModified` timestamp NULL DEFAULT NULL,
  `honors` longtext,
  `isoCountryCode` varchar(5) DEFAULT NULL,
  `dateOfBirth` date DEFAULT NULL,
  `mfeedRssURL` varchar(500) DEFAULT NULL,
  `industry` varchar(500) DEFAULT NULL,
  `proposalComments` longtext,
  PRIMARY KEY (`linkedinId`),
  CONSTRAINT `userdetails_ibfk_1` FOREIGN KEY (`linkedinId`) REFERENCES `usertable` (`linkedinId`) ON DELETE CASCADE
) ENGINE=InnoDB DEFAULT CHARSET=latin1;
/*!40101 SET character_set_client = @saved_cs_client */;

--
-- Dumping data for table `userDetails`
--

LOCK TABLES `userDetails` WRITE;
/*!40000 ALTER TABLE `userDetails` DISABLE KEYS */;
INSERT INTO `userDetails` VALUES ('-B64Gls7z8','I am working in a new computer vision algorithm for telepresence robots to communicate in real-time.',NULL,NULL,NULL,NULL,NULL,NULL,NULL,NULL),('5xxovp4bC1','I am a security enthusiast who likes to work on intriguing computer security problems. I believe heavily in the importance of good programming skills for a security professional and love to contribute towards open source projects. \n\nI am a pioneer of the concept of \"relationship between vulnerabilities\" and have several publications in this area. I have a strong technical background in areas of malware analysis, vulnerability analysis.','Relationship between vulnerabilities, Malware behavioral analysis, System architecture, System design, Vulnerability analysis, Project Management, Penetration Testing, Programming ( Java, J2EE, C, Objective-C, C++).',NULL,'?	Awarded “Best Paper Award”, at the IEEE International Conference on Internet Monitoring and Protection (ICIMP), Venice/Mestre , 2009\n\n\n?	Awarded full scholarship and stipend of SGD 2000 per month for my Masters at Nanyang Technological University by CSIT, Ministry of Defense, Singapore.\n\n\n?	Awarded “Best Poster Award”, at the IAMCOM chapter of COMSWARE international conference at Bangalore, India, 2007.','sg',NULL,'http://www.linkedin.com/rss/mefeed?key=AtXQCXaLJ0Qdz-ywFSLNC4BZfnRGopq_FtNSDOW4SzMW4aKeaQDc3-kOS60lpU0','Computer & Network Security','Looking actively for an interesting opportunity in Computer Security.'),('6xyjsHvnjV','','System analysis, Team building, Product innovation',NULL,'','sg',NULL,'http://www.linkedin.com/rss/mefeed?key=HItaed1CaDMjpn2zEwz4wRu3K7y0na84ifVY_pfuN0sN7EavR3GOoj_iWI3KyZF','Defense & Space',''),('yDwaFOtNT9','My current research work is on identifying regions of attention from visual media (images and videos). One of the applications of this research is on retargeting or intelligently resizing the visual media in order to cater to a diverse set of display resolutions.','Machine Learning, Artificial Intelligence, Statistical Signal Processing, Video Signal Processing, Image Processing',NULL,'CII iTalent Winner - 2006','sg',NULL,'http://www.linkedin.com/rss/mefeed?key=ApjHL_sCd4FKQXDlPnfWV6BZfnRGoKWvEngqDRd4SzMW4aKeaQDcZI-z-kat2s0','Research','Would be good if you could contact me using my personal email mentioned on my personal website.');
/*!40000 ALTER TABLE `userDetails` ENABLE KEYS */;
UNLOCK TABLES;

--
-- Table structure for table `userEducationDetails`
--

DROP TABLE IF EXISTS `userEducationDetails`;
/*!40101 SET @saved_cs_client     = @@character_set_client */;
/*!40101 SET character_set_client = utf8 */;
CREATE TABLE `userEducationDetails` (
  `linkedinId` varchar(50) NOT NULL DEFAULT '',
  `linkedinEducationId` bigint(20) unsigned NOT NULL DEFAULT '0',
  `startYear` varchar(4) DEFAULT NULL,
  `endYear` varchar(4) DEFAULT NULL,
  `fieldOfStudy` longtext,
  `schoolName` varchar(500) DEFAULT NULL,
  `degree` varchar(500) DEFAULT NULL,
  `activities` longtext,
  `notes` longtext,
  PRIMARY KEY (`linkedinId`,`linkedinEducationId`),
  CONSTRAINT `usereducationdetails_ibfk_1` FOREIGN KEY (`linkedinId`) REFERENCES `usertable` (`linkedinId`) ON DELETE CASCADE
) ENGINE=InnoDB DEFAULT CHARSET=latin1;
/*!40101 SET character_set_client = @saved_cs_client */;

--
-- Dumping data for table `userEducationDetails`
--

LOCK TABLES `userEducationDetails` WRITE;
/*!40000 ALTER TABLE `userEducationDetails` DISABLE KEYS */;
INSERT INTO `userEducationDetails` VALUES ('5xxovp4bC1',23418141,'2008','2011','A Knowledge based inference engine for diagnosis of software vulnerabilities','Nanyang Technological University','Master of Engineering','','Submitted thesis in 2010. Thesis was accepted in March 2011 and I had my convocation in July 2011.'),('5xxovp4bC1',23775443,'2004','2008','Computer Engineering','Velammal Engineering College','Bachelor\'s','',''),('5xxovp4bC1',88817307,'2011','2011','Specialized Knowledge and Applications','SANS Institute','Reverse-Engineering Malware: Malware Analysis Tools and Techniques','','This was a one week intense course (SOS: SANS October Singapore 2011) by the SANS Institute conducted in Singapore. The course was conducted by Mr. Lenny Zelster at SANS.'),('5xxovp4bC1',93176639,'1990','2000','CBSE Education','Sindhi Model Senior Secondary School','Primary and Secondary School','',''),('6xyjsHvnjV',28674299,'1998','2002','Electronics and Communication Engineering','Bharathiar University','B.E.','Student President, ECE Association 2002\nStudent Vice President, ECE Association 2001','Kumaraguru College of Technology'),('6xyjsHvnjV',31791890,'2005','2006','Communication Engineering','Nanyang Technological University','MSc','',''),('6xyjsHvnjV',56736183,'1992','1998','','G.R.G.','','',''),('6xyjsHvnjV',57300487,'2005','2006','Communication         Engineering','Nanyang     Technological               University, Singapore','MSc','',''),('yDwaFOtNT9',30838845,'2003','2007','Information Technology','Anna University','B.Tech','','Won iTalent 2006 organized by CII for the Best Project - TRACONAV (Traffic Congestion Avoidance and Navigation) using RFID'),('yDwaFOtNT9',32683676,'1989','2003','Computer Science, Mathematics, Physics, Chemistry, English','Padma Seshadri Bala Bhavan Sr. Sec. School, K.K.Nagar','','',''),('yDwaFOtNT9',35952584,'2009','2012','Computer Science','Nanyang Technological University','PhD','','');
/*!40000 ALTER TABLE `userEducationDetails` ENABLE KEYS */;
UNLOCK TABLES;

--
-- Table structure for table `userFileNames`
--

DROP TABLE IF EXISTS `userFileNames`;
/*!40101 SET @saved_cs_client     = @@character_set_client */;
/*!40101 SET character_set_client = utf8 */;
CREATE TABLE `userFileNames` (
  `fileId` varchar(500) NOT NULL,
  `fileName` varchar(500) DEFAULT NULL,
  `linkedinId` varchar(50) NOT NULL,
  PRIMARY KEY (`fileId`),
  KEY `linkedinIDIndex` (`linkedinId`),
  CONSTRAINT `userFileNames_ibfk_1` FOREIGN KEY (`linkedinId`) REFERENCES `usertable` (`linkedinId`) ON DELETE CASCADE,
  CONSTRAINT `userFileNames_ibfk_2` FOREIGN KEY (`fileId`) REFERENCES `userFilesTable` (`fileId`) ON DELETE CASCADE
) ENGINE=InnoDB DEFAULT CHARSET=latin1;
/*!40101 SET character_set_client = @saved_cs_client */;

--
-- Dumping data for table `userFileNames`
--

LOCK TABLES `userFileNames` WRITE;
/*!40000 ALTER TABLE `userFileNames` DISABLE KEYS */;
/*!40000 ALTER TABLE `userFileNames` ENABLE KEYS */;
UNLOCK TABLES;

--
-- Table structure for table `userFilesTable`
--

DROP TABLE IF EXISTS `userFilesTable`;
/*!40101 SET @saved_cs_client     = @@character_set_client */;
/*!40101 SET character_set_client = utf8 */;
CREATE TABLE `userFilesTable` (
  `fileId` varchar(500) NOT NULL,
  `file` longblob,
  `linkedinId` varchar(50) NOT NULL,
  PRIMARY KEY (`fileId`),
  KEY `linkedinIDIndex` (`linkedinId`),
  CONSTRAINT `userFilesTable_ibfk_1` FOREIGN KEY (`linkedinId`) REFERENCES `usertable` (`linkedinId`) ON DELETE CASCADE
) ENGINE=InnoDB DEFAULT CHARSET=latin1;
/*!40101 SET character_set_client = @saved_cs_client */;

--
-- Dumping data for table `userFilesTable`
--

LOCK TABLES `userFilesTable` WRITE;
/*!40000 ALTER TABLE `userFilesTable` DISABLE KEYS */;
/*!40000 ALTER TABLE `userFilesTable` ENABLE KEYS */;
UNLOCK TABLES;

--
-- Table structure for table `userPateAssociations`
--

DROP TABLE IF EXISTS `userPateAssociations`;
/*!40101 SET @saved_cs_client     = @@character_set_client */;
/*!40101 SET character_set_client = utf8 */;
CREATE TABLE `userPateAssociations` (
  `linkedinId` varchar(50) NOT NULL DEFAULT '',
  `pateKeyId` bigint(20) unsigned NOT NULL DEFAULT '0',
  `keyType` tinyint(1) DEFAULT NULL,
  `keyWeight` float DEFAULT NULL,
  PRIMARY KEY (`linkedinId`,`pateKeyId`),
  KEY `pateKeyId` (`pateKeyId`),
  CONSTRAINT `userpateassociations_ibfk_1` FOREIGN KEY (`linkedinId`) REFERENCES `usertable` (`linkedinId`) ON DELETE CASCADE,
  CONSTRAINT `userpateassociations_ibfk_2` FOREIGN KEY (`pateKeyId`) REFERENCES `skillsDatabase` (`skillId`) ON DELETE CASCADE
) ENGINE=InnoDB DEFAULT CHARSET=latin1;
/*!40101 SET character_set_client = @saved_cs_client */;

--
-- Dumping data for table `userPateAssociations`
--

LOCK TABLES `userPateAssociations` WRITE;
/*!40000 ALTER TABLE `userPateAssociations` DISABLE KEYS */;
INSERT INTO `userPateAssociations` VALUES ('-B64Gls7z8',31,1,0.886566),('-B64Gls7z8',32,1,0.926144),('-B64Gls7z8',33,1,0.81213),('-B64Gls7z8',34,1,0.254695),('-B64Gls7z8',74,1,0.886566),('-B64Gls7z8',75,1,0.98695),('-B64Gls7z8',76,1,0.716525),('5xxovp4bC1',1,1,0.693515),('5xxovp4bC1',3,1,0.661722),('5xxovp4bC1',8,1,0.696129),('5xxovp4bC1',11,1,0.953059),('5xxovp4bC1',77,1,0.868288),('5xxovp4bC1',78,1,0.7722),('5xxovp4bC1',79,1,0.769416),('5xxovp4bC1',80,1,0.659915),('5xxovp4bC1',81,1,0.657988),('5xxovp4bC1',82,1,0.91409),('5xxovp4bC1',83,1,0.768057),('5xxovp4bC1',84,1,0.722881),('5xxovp4bC1',85,1,0.716312),('5xxovp4bC1',86,1,0.6399),('5xxovp4bC1',87,1,0.47975),('5xxovp4bC1',88,1,0.227597),('5xxovp4bC1',93,1,0.745835),('5xxovp4bC1',94,1,0.235076),('5xxovp4bC1',95,1,0.234685),('5xxovp4bC1',96,1,0.220345);
/*!40000 ALTER TABLE `userPateAssociations` ENABLE KEYS */;
UNLOCK TABLES;

--
-- Table structure for table `userPositionsDetails`
--

DROP TABLE IF EXISTS `userPositionsDetails`;
/*!40101 SET @saved_cs_client     = @@character_set_client */;
/*!40101 SET character_set_client = utf8 */;
CREATE TABLE `userPositionsDetails` (
  `linkedinId` varchar(50) NOT NULL DEFAULT '',
  `startDate` date DEFAULT NULL,
  `endDate` date DEFAULT NULL,
  `summary` longtext,
  `title` varchar(500) DEFAULT NULL,
  `linkedinCompanyId` bigint(20) unsigned DEFAULT NULL,
  `linkedinPositionId` bigint(20) unsigned NOT NULL DEFAULT '0',
  PRIMARY KEY (`linkedinId`,`linkedinPositionId`),
  KEY `linkedinCompanyId` (`linkedinCompanyId`),
  CONSTRAINT `userpositionsdetails_ibfk_1` FOREIGN KEY (`linkedinId`) REFERENCES `usertable` (`linkedinId`) ON DELETE CASCADE,
  CONSTRAINT `userpositionsdetails_ibfk_2` FOREIGN KEY (`linkedinCompanyId`) REFERENCES `organizationsDatabase` (`linkedinCompanyId`) ON DELETE SET NULL
) ENGINE=InnoDB DEFAULT CHARSET=latin1;
/*!40101 SET character_set_client = @saved_cs_client */;

--
-- Dumping data for table `userPositionsDetails`
--

LOCK TABLES `userPositionsDetails` WRITE;
/*!40000 ALTER TABLE `userPositionsDetails` DISABLE KEYS */;
INSERT INTO `userPositionsDetails` VALUES ('5xxovp4bC1','3908-08-01','3910-07-01','This project was related to Internet security analysis and was funded by the CSIT, Singapore. This project has been carried on under the computer security lab @ Tamasek Labs. My work in this project included:\n- Security Metric Design\n- Calibration Metric Design for Web Application Scanners\n- Remediation Selection Criteria\n- Java/Javafx development\n- Vulnerability Assessment\n- Reverse Engineering [Python]\n- UML Modelling\n- Security Theory proposals\n- Vulnerability Relationship Theory and Relationship Mapping\n- Confidence Report Generation Modules\n- And a lot more fun stuff.','Research Student',165091,50187582),('5xxovp4bC1','3910-07-01','3910-08-01','Worked as an intern in a project titled \"Early Cyber Security Threat Detection\" at EADS Innovation Works Singapore.','Intern',2734,126514151),('5xxovp4bC1','3910-09-01','3911-08-01','My responsibilities include:\n\n- Taking care of application security @ ShowNearby\n- Setting up the security policy for the firm\n- Recommending security specifications\n- iPhone development for ShowNearby application.\n- Help in design of flow of data in SNB Mobile.','Technology Engineer, Security',927193,148849281),('5xxovp4bC1','3906-09-01','3908-04-01','Worked on several research projects at TIFAC CORE’s.\n\nSome of the research projects include:\n- Device of the transport layer\n- Netphone\n- OSBD Operating System\n\nHad experience in working with\n- Sun Solaris systems\n- Networking and routers','Research Intern',NULL,151244794),('5xxovp4bC1','3910-11-01',NULL,'This is a VOLUNTARY POSITION.\n\n- Lead the design of ESAPI Objective-C port.\n- Create libraries with maximum compatibility.\n- Coordinate build efforts with other ports.','Project Leader, ESAPI Objective-C',250673,202609690),('5xxovp4bC1','3911-09-01',NULL,'Malware Analysis and Classification\n- Research on techniques for malware detection, analysis and classification.\n- Lead the development of a state-of-art solution to be used in critical scenarios that caters for automated classification.','Research Associate',165091,205141297),('5xxovp4bC1','3911-09-01',NULL,'THIS IS A VOLUNTARY POSITION\n\nCurrently responsible for:\n- Articles to be published in the newsletter\n- Timely release of the newsletter','Editor, OWASP Newsletter',250673,238360870),('6xyjsHvnjV','3906-01-01','3910-07-01','CREST - Centre for Research in Satellite Technologies is a JV between Nanyang Technological University and DSO National Laboratories. Our team launched Singapore\'s first indigenous satellite XSAT1 and won the Defence technology prize for 2011','Senior R&D Engineer',NULL,47456720),('6xyjsHvnjV','3902-07-01','3905-08-01','DMC division of SCM Microsystems focuses on customizing digital media readers and software for the print kiosk, printer and photo development equipment industry. \n\nTitle: Engineer Hardware. (Digital Media Connectivity (DMC))\n\nLead engineer: (Jan 2005 – July 2005)\nTechnical lead for a team of 3 hardware engineers. Lead hardware engineer during requirement analysis with customer. Co-ordination with project and product management for final product delivery. On-site co-ordination during product compliance certification (FCC, CE, USB etc.). \n\nProject engineer: (June 2002 – Dec 2004)\nSchematics design, PCB layout review, mass production support, hardware evaluation & acceptance testing.','Engineer - Hardware',15423,47467303),('6xyjsHvnjV','3909-07-01','3910-07-01','Tulliam enables people to reach out by delivering their ideas and messages. Tulliam develops technology that enhances our human experience. \n\nTulliam derived from “Thulliam”  in Tamil means precision or exactness-the quality that characterizes science and engineering.  \n\nTulliam  hardware and software offering for media delivery cater to stringent requirements demanded by digital signage and interactive media industry. Humagine technology provides high definition media delivery solutions. Cognogine  technology uses advanced DSP algorithms to capture information about the viewer allowing content developers to fine tune their products for efficient message delivery to the viewer. Combining Humagine\'s media delivery capability with advanced DSP algorithms and systems,  Interac technology provides innovative interactive applications for the viewer.','Product manager',NULL,125530558),('6xyjsHvnjV','3910-08-01',NULL,'Title: Senior Engineer (On-board Data handling)\n\nLead module engineer (Onboard Computing)\n•	Technical lead - On-board computer and On-board network design. Designed and developed processing boards based on the SPARC 8 (Leon3) and the SPARC 7 (TSC695FL) processor.\n•	Requirement analysis, System data flow analysis, Operation concept\n•	Co-ordinate hardware development (schematics, bill of materials, PCB layout) with a team of 3 engineers.\n•	Co-ordinate with power, thermal and mechanical team for power, thermal and vibration analysis.\n•	Co-ordinate with system engineers for sub-system integration and Interface control documentation.\n\nLead verification engineer (Onboard Data handling)\n•	Technical lead for verification of all in-house developed FPGA IP cores and SoC integration over AMBA bus. \n•	Design and development of verification platforms (testbench, hardware, test equipment). Co-ordinate with software team to develop drivers and utilities for hardware verification. \n•	OBDH technical lead for planning and execution of hardware verification activities for On-board computer, On-board recorder, On-board network (CAN, RS485) and Time Orbit Propagation System.\n•	Evaluation of UVM for FPGA verification. UVM and System Verilog training in progress.','Senior Engineer (Onboard Data Handling)',NULL,225985744),('yDwaFOtNT9','3908-01-01','3909-07-01','Research-driven concept development to cater to business requirements. Driving Innovation through technology.','Programmer Analyst, Concept Lab',1680,67459388),('yDwaFOtNT9','3909-09-01',NULL,'Involved in investigating new ideas for the research project on \"Attentional Methods for Media Retargeting\".','Research Scholar',165091,157295902),('yDwaFOtNT9','3912-02-01','3912-05-01','Teaching Assistant for Data Structures Lab','Teaching Assistant',165091,252771588),('yDwaFOtNT9','3912-08-01','3912-10-01','Worked on obtaining video semantics for American Football.','Junior Research Assistant',1859269,296496977);
/*!40000 ALTER TABLE `userPositionsDetails` ENABLE KEYS */;
UNLOCK TABLES;

--
-- Table structure for table `userProjects`
--

DROP TABLE IF EXISTS `userProjects`;
/*!40101 SET @saved_cs_client     = @@character_set_client */;
/*!40101 SET character_set_client = utf8 */;
CREATE TABLE `userProjects` (
  `projectId` bigint(20) unsigned NOT NULL AUTO_INCREMENT,
  `projectName` varchar(400) DEFAULT NULL,
  `projectDescription` longtext,
  PRIMARY KEY (`projectId`)
) ENGINE=InnoDB DEFAULT CHARSET=latin1;
/*!40101 SET character_set_client = @saved_cs_client */;

--
-- Dumping data for table `userProjects`
--

LOCK TABLES `userProjects` WRITE;
/*!40000 ALTER TABLE `userProjects` DISABLE KEYS */;
/*!40000 ALTER TABLE `userProjects` ENABLE KEYS */;
UNLOCK TABLES;

--
-- Table structure for table `userSkillsTable`
--

DROP TABLE IF EXISTS `userSkillsTable`;
/*!40101 SET @saved_cs_client     = @@character_set_client */;
/*!40101 SET character_set_client = utf8 */;
CREATE TABLE `userSkillsTable` (
  `linkedinId` varchar(50) NOT NULL DEFAULT '',
  `skillId` bigint(20) unsigned NOT NULL DEFAULT '0',
  PRIMARY KEY (`linkedinId`,`skillId`),
  KEY `skillId` (`skillId`),
  CONSTRAINT `userSkillsTable_ibfk_1` FOREIGN KEY (`linkedinId`) REFERENCES `usertable` (`linkedinId`) ON DELETE CASCADE,
  CONSTRAINT `userSkillsTable_ibfk_2` FOREIGN KEY (`skillId`) REFERENCES `skillsDatabase` (`skillId`) ON DELETE CASCADE
) ENGINE=InnoDB DEFAULT CHARSET=latin1;
/*!40101 SET character_set_client = @saved_cs_client */;

--
-- Dumping data for table `userSkillsTable`
--

LOCK TABLES `userSkillsTable` WRITE;
/*!40000 ALTER TABLE `userSkillsTable` DISABLE KEYS */;
INSERT INTO `userSkillsTable` VALUES ('5xxovp4bC1',1),('5xxovp4bC1',2),('yDwaFOtNT9',2),('5xxovp4bC1',3),('5xxovp4bC1',4),('6xyjsHvnjV',4),('yDwaFOtNT9',4),('5xxovp4bC1',5),('yDwaFOtNT9',5),('5xxovp4bC1',6),('5xxovp4bC1',7),('yDwaFOtNT9',7),('5xxovp4bC1',8),('5xxovp4bC1',9),('5xxovp4bC1',10),('5xxovp4bC1',11),('5xxovp4bC1',12),('yDwaFOtNT9',12),('5xxovp4bC1',13),('5xxovp4bC1',14),('5xxovp4bC1',15),('5xxovp4bC1',16),('5xxovp4bC1',17),('5xxovp4bC1',18),('yDwaFOtNT9',18),('5xxovp4bC1',19),('5xxovp4bC1',20),('5xxovp4bC1',21),('5xxovp4bC1',22),('5xxovp4bC1',23),('5xxovp4bC1',24),('5xxovp4bC1',25),('5xxovp4bC1',26),('5xxovp4bC1',27),('5xxovp4bC1',28),('5xxovp4bC1',29),('5xxovp4bC1',30),('5xxovp4bC1',31),('5xxovp4bC1',32),('5xxovp4bC1',33),('5xxovp4bC1',34),('5xxovp4bC1',35),('yDwaFOtNT9',35),('5xxovp4bC1',36),('5xxovp4bC1',37),('5xxovp4bC1',38),('5xxovp4bC1',39),('5xxovp4bC1',40),('5xxovp4bC1',41),('5xxovp4bC1',42),('5xxovp4bC1',43),('yDwaFOtNT9',44),('yDwaFOtNT9',45),('yDwaFOtNT9',46),('yDwaFOtNT9',47),('yDwaFOtNT9',48),('yDwaFOtNT9',49),('yDwaFOtNT9',50),('yDwaFOtNT9',51),('yDwaFOtNT9',52),('yDwaFOtNT9',53),('yDwaFOtNT9',54),('yDwaFOtNT9',55),('yDwaFOtNT9',56),('yDwaFOtNT9',57),('yDwaFOtNT9',58),('yDwaFOtNT9',59),('yDwaFOtNT9',60),('6xyjsHvnjV',61),('6xyjsHvnjV',62),('6xyjsHvnjV',63),('6xyjsHvnjV',64),('6xyjsHvnjV',65),('6xyjsHvnjV',66),('6xyjsHvnjV',67),('6xyjsHvnjV',68),('6xyjsHvnjV',69),('6xyjsHvnjV',70),('6xyjsHvnjV',71),('6xyjsHvnjV',72),('6xyjsHvnjV',73),('5xxovp4bC1',101);
/*!40000 ALTER TABLE `userSkillsTable` ENABLE KEYS */;
UNLOCK TABLES;

--
-- Table structure for table `userconnectionstable`
--

DROP TABLE IF EXISTS `userconnectionstable`;
/*!40101 SET @saved_cs_client     = @@character_set_client */;
/*!40101 SET character_set_client = utf8 */;
CREATE TABLE `userconnectionstable` (
  `linkedinId1` varchar(50) NOT NULL DEFAULT '',
  `linkedinId2` varchar(50) NOT NULL DEFAULT '',
  `isLinkedIn` tinyint(1) NOT NULL,
  PRIMARY KEY (`linkedinId1`,`linkedinId2`),
  KEY `linkedinId2` (`linkedinId2`),
  KEY `linkedinId1` (`linkedinId1`),
  CONSTRAINT `userConnectionsTable_ibfk_1` FOREIGN KEY (`linkedinId1`) REFERENCES `usertable` (`linkedinId`) ON DELETE CASCADE,
  CONSTRAINT `userConnectionsTable_ibfk_2` FOREIGN KEY (`linkedinId2`) REFERENCES `usertable` (`linkedinId`) ON DELETE CASCADE
) ENGINE=InnoDB DEFAULT CHARSET=latin1;
/*!40101 SET character_set_client = @saved_cs_client */;

--
-- Dumping data for table `userconnectionstable`
--

LOCK TABLES `userconnectionstable` WRITE;
/*!40000 ALTER TABLE `userconnectionstable` DISABLE KEYS */;
INSERT INTO `userconnectionstable` VALUES ('-B64Gls7z8','yDwaFOtNT9',1),('-dnxxKpAgk','6xyjsHvnjV',1),('-imzXrpLLT','6xyjsHvnjV',1),('-jR6vZ1SLF','yDwaFOtNT9',1),('-KN4Adx4QO','5xxovp4bC1',1),('-tVvslZHY8','5xxovp4bC1',1),('-WY_AFH-cq','6xyjsHvnjV',1),('-xa5Sh5czM','yDwaFOtNT9',1),('0-DyKiuVY4','yDwaFOtNT9',1),('024jaHk0ml','6xyjsHvnjV',1),('06Tw6LOUrk','5xxovp4bC1',1),('0DkYtajV1Z','5xxovp4bC1',1),('0ibH2FJ2_x','6xyjsHvnjV',1),('0NlD4Nk32Y','5xxovp4bC1',1),('0R3ZlrEe1H','5xxovp4bC1',1),('14fh_1MaJI','5xxovp4bC1',1),('14fh_1MaJI','6xyjsHvnjV',1),('14fh_1MaJI','yDwaFOtNT9',1),('1AQkAE9R1K','5xxovp4bC1',1),('1AQkAE9R1K','6xyjsHvnjV',1),('1AQkAE9R1K','yDwaFOtNT9',1),('1h_kFFwmam','yDwaFOtNT9',1),('1UfflbXCDY','yDwaFOtNT9',1),('1yNNd98-id','5xxovp4bC1',1),('22tjQK1Z8v','6xyjsHvnjV',1),('24KFOh6ohH','yDwaFOtNT9',1),('28QbuxYALL','5xxovp4bC1',1),('29q29DChHJ','yDwaFOtNT9',1),('2a4jliW3mo','5xxovp4bC1',1),('2AxiuNr8Ev','yDwaFOtNT9',1),('2hrbAHAK8X','5xxovp4bC1',1),('2KMMRjURkr','6xyjsHvnjV',1),('2L0OAkAiQN','6xyjsHvnjV',1),('2VORMh_Zc_','6xyjsHvnjV',1),('2xU32nAE89','5xxovp4bC1',1),('37Qo2ja1ZN','6xyjsHvnjV',1),('38HdhQJDZr','yDwaFOtNT9',1),('3CkyzjUX80','yDwaFOtNT9',1),('3eDddtm9EC','6xyjsHvnjV',1),('3H33_txOCD','6xyjsHvnjV',1),('3IzBMNWDTI','yDwaFOtNT9',1),('3lZdPh5_Oj','yDwaFOtNT9',1),('3nAe7FifqD','yDwaFOtNT9',1),('3pG8yaRPZl','6xyjsHvnjV',1),('3QD6LmOPqX','5xxovp4bC1',1),('3qJJbtTueS','6xyjsHvnjV',1),('3qsMTyqgfO','5xxovp4bC1',1),('3T-Bkm0bzS','6xyjsHvnjV',1),('3v9hctgmwr','6xyjsHvnjV',1),('3xBr8yQnaz','5xxovp4bC1',1),('3y5e7nqn4g','5xxovp4bC1',1),('3ZOY7moHaI','6xyjsHvnjV',1),('42bBFC9GOB','yDwaFOtNT9',1),('44JLeELUbc','yDwaFOtNT9',1),('46EyZRTNL0','5xxovp4bC1',1),('46wUCb0d3q','6xyjsHvnjV',1),('47gtA5hrYl','yDwaFOtNT9',1),('48RW7F77B6','5xxovp4bC1',1),('4DBooiFIoB','yDwaFOtNT9',1),('4DVKcmF9q3','6xyjsHvnjV',1),('4tLjpX4pf6','yDwaFOtNT9',1),('4Vqxvj6wco','6xyjsHvnjV',1),('4vVSG2u8_U','5xxovp4bC1',1),('4w7TUW4fKt','6xyjsHvnjV',1),('4WRZWO6uZS','yDwaFOtNT9',1),('4zEZnDLdLy','yDwaFOtNT9',1),('4_GhILheLX','6xyjsHvnjV',1),('51Q_3NNEC3','6xyjsHvnjV',1),('59cZATO5LP','6xyjsHvnjV',1),('5EJJtuK9Ix','5xxovp4bC1',1),('5GhW7TwBmD','yDwaFOtNT9',1),('5rTV4p8e2D','5xxovp4bC1',1),('5rTV4p8e2D','6xyjsHvnjV',1),('5vf6i2b5Z6','yDwaFOtNT9',1),('5xo-_-Qvrs','6xyjsHvnjV',1),('5xxovp4bC1','63qXcNuy05',1),('5xxovp4bC1','6dpKS2ig1x',1),('5xxovp4bC1','6HcWNUPkEK',1),('5xxovp4bC1','6JFsalqSY6',1),('5xxovp4bC1','6tNy0SkWAZ',1),('5xxovp4bC1','6xyjsHvnjV',1),('5xxovp4bC1','7CYl3K7EDN',1),('5xxovp4bC1','7dlT2yMPqm',1),('5xxovp4bC1','7MeHjBgMi-',1),('5xxovp4bC1','7nIeDilKC3',1),('5xxovp4bC1','8-k6E_susp',1),('5xxovp4bC1','83vUTP1R9g',1),('5xxovp4bC1','8K7vEy83GE',1),('5xxovp4bC1','90dTOhbbSB',1),('5xxovp4bC1','aBRgVPv2Di',1),('5xxovp4bC1','AIAK-Q2UTq',1),('5xxovp4bC1','ARKNCbQ8lM',1),('5xxovp4bC1','b0rRPjmEGh',1),('5xxovp4bC1','b50jn4WckN',1),('5xxovp4bC1','BbOR7GDHkq',1),('5xxovp4bC1','bD9d0byih7',1),('5xxovp4bC1','bvD933j-pk',1),('5xxovp4bC1','bYvzNxaf87',1),('5xxovp4bC1','c-GzqYcHu7',1),('5xxovp4bC1','cfJqlQh9-2',1),('5xxovp4bC1','cM7P-t2IZz',1),('5xxovp4bC1','cooRaKYrER',1),('5xxovp4bC1','CQbVzAiHbj',1),('5xxovp4bC1','Cylf8HqWRd',1),('5xxovp4bC1','d3vEJPxdTD',1),('5xxovp4bC1','d4w-niyN6r',1),('5xxovp4bC1','d7YvLZuJ3h',1),('5xxovp4bC1','DFTdHlE5J2',1),('5xxovp4bC1','DM25ByJhDw',1),('5xxovp4bC1','dt0GpgHCI2',1),('5xxovp4bC1','dVDj2VS1FQ',1),('5xxovp4bC1','dX4TJ7WJ6w',1),('5xxovp4bC1','DXbkw7KhtH',1),('5xxovp4bC1','DypxYuZ88M',1),('5xxovp4bC1','EcG9jbC9IS',1),('5xxovp4bC1','EPrVPozvfs',1),('5xxovp4bC1','Ezn76p4syM',1),('5xxovp4bC1','f9hl9Hq2Sg',1),('5xxovp4bC1','FKassmSWOe',1),('5xxovp4bC1','FlOB2V0uxP',1),('5xxovp4bC1','fpER9zwDUS',1),('5xxovp4bC1','fPoobc-MaR',1),('5xxovp4bC1','g00ZrSK3oe',1),('5xxovp4bC1','gt6vqvP2Qs',1),('5xxovp4bC1','guwZNiilWZ',1),('5xxovp4bC1','hMfHBm4dtn',1),('5xxovp4bC1','HMJ3jPAv5o',1),('5xxovp4bC1','Hq9-3cDOi3',1),('5xxovp4bC1','I0tj77RQ8E',1),('5xxovp4bC1','i1zVVdo5aP',1),('5xxovp4bC1','icihnwMAV5',1),('5xxovp4bC1','IcvOM-Vn7d',1),('5xxovp4bC1','Ie63j4GEkl',1),('5xxovp4bC1','ig_iMym359',1),('5xxovp4bC1','iI7MfArhRJ',1),('5xxovp4bC1','ITbcY_4ye3',1),('5xxovp4bC1','ITny7b0LHE',1),('5xxovp4bC1','ITvsLk5RpE',1),('5xxovp4bC1','iv-W7FtT6_',1),('5xxovp4bC1','iWfc0IaFsg',1),('5xxovp4bC1','IxKd0ZEyH7',1),('5xxovp4bC1','j776ErrFZU',1),('5xxovp4bC1','jgX8tlMNRx',1),('5xxovp4bC1','jjF6V8g1Tb',1),('5xxovp4bC1','Jj__ApizkK',1),('5xxovp4bC1','jKfl8d1xlQ',1),('5xxovp4bC1','jkqAz2_qrs',1),('5xxovp4bC1','JPRtVZh3br',1),('5xxovp4bC1','JRiUyveUVa',1),('5xxovp4bC1','jRs72BSeGo',1),('5xxovp4bC1','jS9MkT3qE9',1),('5xxovp4bC1','J_tYrZQ1ri',1),('5xxovp4bC1','k3sbrTz87O',1),('5xxovp4bC1','kqIbk8CnAF',1),('5xxovp4bC1','l5gD1taWSd',1),('5xxovp4bC1','LcBgN0P_Ux',1),('5xxovp4bC1','LdRAp_wOLZ',1),('5xxovp4bC1','leVjb7ylUS',1),('5xxovp4bC1','LNlZpjZI3A',1),('5xxovp4bC1','LRZgi0raWA',1),('5xxovp4bC1','LwEYpTdbdU',1),('5xxovp4bC1','LzO1EoedD7',1),('5xxovp4bC1','m0JEhx97GK',1),('5xxovp4bC1','M7-0VDF8ib',1),('5xxovp4bC1','mDsWy5k_nE',1),('5xxovp4bC1','MI8JXU9WdU',1),('5xxovp4bC1','MJfmbCugaD',1),('5xxovp4bC1','MnFRZy_ZnX',1),('5xxovp4bC1','mrK_Jhqb7z',1),('5xxovp4bC1','MxHSMkjdmm',1),('5xxovp4bC1','N7KEBV1jYc',1),('5xxovp4bC1','nPwpmSX2jW',1),('5xxovp4bC1','nSM3UXd5-7',1),('5xxovp4bC1','NYwpA4OIHR',1),('5xxovp4bC1','O9tDQWFxC2',1),('5xxovp4bC1','ofzVxL5gT2',1),('5xxovp4bC1','OGanroVkhZ',1),('5xxovp4bC1','OXnKrLFGKO',1),('5xxovp4bC1','oyAQuxiCO8',1),('5xxovp4bC1','p-aQGCMap9',1),('5xxovp4bC1','p0Zp1bX0RZ',1),('5xxovp4bC1','pdT3gOzwAh',1),('5xxovp4bC1','pDznhob9OH',1),('5xxovp4bC1','pkmtz9IgNd',1),('5xxovp4bC1','ptitrvBDxk',1),('5xxovp4bC1','q6Im9KQQOo',1),('5xxovp4bC1','q9P5gUPaHt',1),('5xxovp4bC1','QlZNoa7172',1),('5xxovp4bC1','QMPPYN9EGR',1),('5xxovp4bC1','qWmX-1RIG4',1),('5xxovp4bC1','r0-XxFekiv',1),('5xxovp4bC1','r0ie6_AkCJ',1),('5xxovp4bC1','rRI9jUxWBJ',1),('5xxovp4bC1','rZnhL5owbh',1),('5xxovp4bC1','S57cbKMuSU',1),('5xxovp4bC1','saRASzPoM6',1),('5xxovp4bC1','SaTSYz_DZp',1),('5xxovp4bC1','sF4jmInqOP',1),('5xxovp4bC1','smtjK556dc',1),('5xxovp4bC1','sNAAiW-Fk2',1),('5xxovp4bC1','srkFf9FSlN',1),('5xxovp4bC1','stK3MPLqmi',1),('5xxovp4bC1','sZfglbmC8s',1),('5xxovp4bC1','t61LpNFgiA',1),('5xxovp4bC1','tBmHyF59-P',1),('5xxovp4bC1','TmOlTLGRCx',1),('5xxovp4bC1','tMvqNgIqhO',1),('5xxovp4bC1','tpLHrcsEm7',1),('5xxovp4bC1','tTgXH_jg2D',1),('5xxovp4bC1','u57dzh5zrP',1),('5xxovp4bC1','uDY5tR_RIf',1),('5xxovp4bC1','UErrCNThDL',1),('5xxovp4bC1','uL0e7oAtk8',1),('5xxovp4bC1','uN4VreRB0p',1),('5xxovp4bC1','uq88RJgqsn',1),('5xxovp4bC1','uTGdVBfaRI',1),('5xxovp4bC1','UVU9nvb4jS',1),('5xxovp4bC1','V7GdNaFJIC',1),('5xxovp4bC1','viq5h7OQ8e',1),('5xxovp4bC1','VKhXKnstnl',1),('5xxovp4bC1','VnLPoLZE43',1),('5xxovp4bC1','Vt3em4s2i0',1),('5xxovp4bC1','vTfKzmTRZ4',1),('5xxovp4bC1','vtkXZcVj3U',1),('5xxovp4bC1','VZhjfr9E19',1),('5xxovp4bC1','W-WFmi5T__',1),('5xxovp4bC1','w19y0C_K55',1),('5xxovp4bC1','w5Ug_xFSKZ',1),('5xxovp4bC1','w9r300oIJu',1),('5xxovp4bC1','wANXzuQXRl',1),('5xxovp4bC1','wG3BqNo4Wi',1),('5xxovp4bC1','wlwzhnV0zN',1),('5xxovp4bC1','wMz1_ib1wq',1),('5xxovp4bC1','wpw4srwpYW',1),('5xxovp4bC1','x-2bbiiKbh',1),('5xxovp4bC1','X2B-ViHuVx',1),('5xxovp4bC1','XCpEoHSj6h',1),('5xxovp4bC1','xD8SRQDgz4',1),('5xxovp4bC1','XkkVL47rdT',1),('5xxovp4bC1','XYUQIcFngC',1),('5xxovp4bC1','yDwaFOtNT9',1),('5xxovp4bC1','YhlC_aFu88',1),('5xxovp4bC1','yszSwVriM0',1),('5xxovp4bC1','yv-3xvaAQA',1),('5xxovp4bC1','yWbKu2C_P7',1),('5xxovp4bC1','ZaCkfVeItp',1),('5xxovp4bC1','ZEM3FG11Ut',1),('5xxovp4bC1','ZNx9jSgqM4',1),('5xxovp4bC1','ZQCFhSztyh',1),('5xxovp4bC1','zQzm4pv4pw',1),('5xxovp4bC1','_w5NcotWwS',1),('67NHvBeYBR','6xyjsHvnjV',1),('6CSMlHNex6','yDwaFOtNT9',1),('6jGammMwmN','6xyjsHvnjV',1),('6KDFshDvr_','yDwaFOtNT9',1),('6pcu6N7b2e','yDwaFOtNT9',1),('6TTYrWvSVk','6xyjsHvnjV',1),('6V2nwu-KR3','6xyjsHvnjV',1),('6xyjsHvnjV','7P0A400aZM',1),('6xyjsHvnjV','7QZgoEXe7v',1),('6xyjsHvnjV','8-94I3uzkk',1),('6xyjsHvnjV','8kiBM8oM4h',1),('6xyjsHvnjV','8OhBXjl1ha',1),('6xyjsHvnjV','8VNAUIOqAE',1),('6xyjsHvnjV','9adx_mY5A4',1),('6xyjsHvnjV','9Gar0AazDG',1),('6xyjsHvnjV','9LvywX52Cc',1),('6xyjsHvnjV','A7HnTy9ZPj',1),('6xyjsHvnjV','AGCTwyxFLM',1),('6xyjsHvnjV','ah5y3ToH4Y',1),('6xyjsHvnjV','ahmfshCLA5',1),('6xyjsHvnjV','ArR5IvBbVu',1),('6xyjsHvnjV','aTPLYlBCyP',1),('6xyjsHvnjV','auVdKDzNyO',1),('6xyjsHvnjV','AWsijiPrTs',1),('6xyjsHvnjV','Ayazs2u2NF',1),('6xyjsHvnjV','bGuTYggsXb',1),('6xyjsHvnjV','bIw6DZc9BX',1),('6xyjsHvnjV','bO4Axe_rx0',1),('6xyjsHvnjV','bO8HS1_SSH',1),('6xyjsHvnjV','bQrtqSz7AS',1),('6xyjsHvnjV','bTL6n6anCi',1),('6xyjsHvnjV','c0iUgc0aLc',1),('6xyjsHvnjV','C0jr3S-wvt',1),('6xyjsHvnjV','C0Oh4eNWKv',1),('6xyjsHvnjV','c6hkWjdwWc',1),('6xyjsHvnjV','C93YgjPY0x',1),('6xyjsHvnjV','c9kT3S5ers',1),('6xyjsHvnjV','Cca4Ky5jc0',1),('6xyjsHvnjV','chz_jlMozd',1),('6xyjsHvnjV','CKMfgiNXxm',1),('6xyjsHvnjV','cneEUgTs3E',1),('6xyjsHvnjV','CnNm1E0qPw',1),('6xyjsHvnjV','cvsmPLt3Oe',1),('6xyjsHvnjV','cXhq06dspX',1),('6xyjsHvnjV','Cylf8HqWRd',1),('6xyjsHvnjV','d7YvLZuJ3h',1),('6xyjsHvnjV','DADQL-3oPl',1),('6xyjsHvnjV','dLVIZHNvPn',1),('6xyjsHvnjV','Dom39CuNg_',1),('6xyjsHvnjV','DrOgplMnhO',1),('6xyjsHvnjV','DsapxfqPI1',1),('6xyjsHvnjV','dTi9XLCS_a',1),('6xyjsHvnjV','DwMXtD1L_U',1),('6xyjsHvnjV','e9zGV-TBdU',1),('6xyjsHvnjV','Efl6yd0a_L',1),('6xyjsHvnjV','ElSewJbcJ9',1),('6xyjsHvnjV','EpW34W_Y-O',1),('6xyjsHvnjV','eWUQwO3FVd',1),('6xyjsHvnjV','Eylk6QnNQx',1),('6xyjsHvnjV','eyqfYW98_O',1),('6xyjsHvnjV','FbyUeLHjZJ',1),('6xyjsHvnjV','Ff006KV8tu',1),('6xyjsHvnjV','fi7ljqba1H',1),('6xyjsHvnjV','flwZLQLavL',1),('6xyjsHvnjV','fPoobc-MaR',1),('6xyjsHvnjV','fUGbg3mCeO',1),('6xyjsHvnjV','fULqcemESc',1),('6xyjsHvnjV','fVw4p9tmQW',1),('6xyjsHvnjV','fzf4fZRQrs',1),('6xyjsHvnjV','G3PDoBhhgB',1),('6xyjsHvnjV','gB0qw0hVp0',1),('6xyjsHvnjV','GcII8lL7uu',1),('6xyjsHvnjV','gE1aFNQEmu',1),('6xyjsHvnjV','GK9tngANfj',1),('6xyjsHvnjV','gOdVTfae1a',1),('6xyjsHvnjV','GoKZo3ROWs',1),('6xyjsHvnjV','gQuGcBmfw4',1),('6xyjsHvnjV','Gtn9Bbxx09',1),('6xyjsHvnjV','GtW7y7H1fV',1),('6xyjsHvnjV','gwVVoevdwG',1),('6xyjsHvnjV','hcnF02unWc',1),('6xyjsHvnjV','HGtKmsIjhu',1),('6xyjsHvnjV','hLIjVjSqKk',1),('6xyjsHvnjV','hlM1T0knz5',1),('6xyjsHvnjV','hpyUqozQ1x',1),('6xyjsHvnjV','HyZnM1V7Io',1),('6xyjsHvnjV','i653-aD8EH',1),('6xyjsHvnjV','i88EXGV614',1),('6xyjsHvnjV','Ie0SAxNQyn',1),('6xyjsHvnjV','iQp8qZgudD',1),('6xyjsHvnjV','ITny7b0LHE',1),('6xyjsHvnjV','ITvsLk5RpE',1),('6xyjsHvnjV','J-0ez9qp0R',1),('6xyjsHvnjV','j9W54e4YAg',1),('6xyjsHvnjV','jbbSx07FkV',1),('6xyjsHvnjV','JJsP4bbA2X',1),('6xyjsHvnjV','JnyuSfhS48',1),('6xyjsHvnjV','JRiUyveUVa',1),('6xyjsHvnjV','jTQdtDouLA',1),('6xyjsHvnjV','JXRMv1judq',1),('6xyjsHvnjV','jYN-5-7Qyo',1),('6xyjsHvnjV','k1oh6xaOL_',1),('6xyjsHvnjV','K6gFSgWqDE',1),('6xyjsHvnjV','KbV848la-E',1),('6xyjsHvnjV','kEEDWIvJSj',1),('6xyjsHvnjV','KhAPbU6heq',1),('6xyjsHvnjV','kivw4mOr3d',1),('6xyjsHvnjV','kLaGQKJy-R',1),('6xyjsHvnjV','KO4V0zRyrN',1),('6xyjsHvnjV','KpeMLAKYsv',1),('6xyjsHvnjV','kq1MZ3RfXg',1),('6xyjsHvnjV','KQEvMiqlIV',1),('6xyjsHvnjV','KTSqQM5kR2',1),('6xyjsHvnjV','kxXwVqLmtJ',1),('6xyjsHvnjV','kznBIOjwTc',1),('6xyjsHvnjV','K_Jpn6sYDf',1),('6xyjsHvnjV','L4yVW5e6uE',1),('6xyjsHvnjV','l7iUxnIjQp',1),('6xyjsHvnjV','lBpfj7ZZ92',1),('6xyjsHvnjV','LGfcsGB6Mj',1),('6xyjsHvnjV','ljvguZDyhJ',1),('6xyjsHvnjV','lMyxZg7jSl',1),('6xyjsHvnjV','LpLE-ICOPN',1),('6xyjsHvnjV','lTcXYhpKDE',1),('6xyjsHvnjV','luMJT6mQKy',1),('6xyjsHvnjV','lVGrP_Kv6l',1),('6xyjsHvnjV','lW2KFSp1qj',1),('6xyjsHvnjV','lxFDstTd--',1),('6xyjsHvnjV','lZ2sFP3JXe',1),('6xyjsHvnjV','mcVIHo5ls9',1),('6xyjsHvnjV','MD4_ngt0hv',1),('6xyjsHvnjV','mgz8oVMcWt',1),('6xyjsHvnjV','MmdGoj1pd2',1),('6xyjsHvnjV','MOz0SLJ3GU',1),('6xyjsHvnjV','Mq0yKSpp68',1),('6xyjsHvnjV','mQAGo4CN5G',1),('6xyjsHvnjV','mrE6vRmbi5',1),('6xyjsHvnjV','mSv5H-oJ82',1),('6xyjsHvnjV','m_rRsJAkqQ',1),('6xyjsHvnjV','N3eQjtHQPR',1),('6xyjsHvnjV','N8KJkM4Jr_',1),('6xyjsHvnjV','Namy0HX4Ng',1),('6xyjsHvnjV','NbwC8dX5ZK',1),('6xyjsHvnjV','NBzNHO0jnG',1),('6xyjsHvnjV','nDiKjIcZNY',1),('6xyjsHvnjV','NlAwbhYZ_x',1),('6xyjsHvnjV','nNhTNEYtHe',1),('6xyjsHvnjV','NoXlNNtdGi',1),('6xyjsHvnjV','nPpBPzsyeB',1),('6xyjsHvnjV','o3EE3q5YeL',1),('6xyjsHvnjV','O4eUdB5RmE',1),('6xyjsHvnjV','o7Z3HVWCGO',1),('6xyjsHvnjV','oekdKasPjp',1),('6xyjsHvnjV','Oi1eFs4avV',1),('6xyjsHvnjV','OSPRHpSDVp',1),('6xyjsHvnjV','oWJSYy_fMT',1),('6xyjsHvnjV','PbSn7reyRw',1),('6xyjsHvnjV','PjokhXJjfE',1),('6xyjsHvnjV','PLp94aU1MW',1),('6xyjsHvnjV','pyyctDwEtr',1),('6xyjsHvnjV','Q4HrRDoG5O',1),('6xyjsHvnjV','q5h11_vU3t',1),('6xyjsHvnjV','qAugZKri7C',1),('6xyjsHvnjV','qdbOd479SN',1),('6xyjsHvnjV','qeS3U2o4WG',1),('6xyjsHvnjV','qgP8OKTmgG',1),('6xyjsHvnjV','QJg08EJO9C',1),('6xyjsHvnjV','QK7gFIf0pX',1),('6xyjsHvnjV','QscimlA2ns',1),('6xyjsHvnjV','rbMyjN9K9f',1),('6xyjsHvnjV','Relkp4HFEc',1),('6xyjsHvnjV','RKJA7GBWtl',1),('6xyjsHvnjV','RlBWJ9rLGH',1),('6xyjsHvnjV','rMEJC23H_F',1),('6xyjsHvnjV','RqarylRJZ8',1),('6xyjsHvnjV','rVTzorZcZc',1),('6xyjsHvnjV','r_EnE6JMqg',1),('6xyjsHvnjV','s81s8X2eYY',1),('6xyjsHvnjV','saquCzhmRG',1),('6xyjsHvnjV','saRASzPoM6',1),('6xyjsHvnjV','seYqhvjh6e',1),('6xyjsHvnjV','sFLuaug7p1',1),('6xyjsHvnjV','SGFrspyGPa',1),('6xyjsHvnjV','SHvEYzcPfH',1),('6xyjsHvnjV','Sktiw8Z0Uj',1),('6xyjsHvnjV','SLxBSCVXqx',1),('6xyjsHvnjV','sm0q1aHftV',1),('6xyjsHvnjV','srkFf9FSlN',1),('6xyjsHvnjV','sxTHfkVpp3',1),('6xyjsHvnjV','T33eacSeri',1),('6xyjsHvnjV','tdl17oMLeu',1),('6xyjsHvnjV','tiqX8QVkGX',1),('6xyjsHvnjV','TonPwzpDw2',1),('6xyjsHvnjV','ToXnQlk4kP',1),('6xyjsHvnjV','tr5QGL-vpK',1),('6xyjsHvnjV','tsf4k5TpVS',1),('6xyjsHvnjV','Ues8gd3hGT',1),('6xyjsHvnjV','uHYOTCjkRe',1),('6xyjsHvnjV','uti-hF9tJl',1),('6xyjsHvnjV','uTT02dPyxK',1),('6xyjsHvnjV','V8gnFNwlWj',1),('6xyjsHvnjV','Veqqh628z0',1),('6xyjsHvnjV','VGRkZUaRD2',1),('6xyjsHvnjV','VKToq57EPO',1),('6xyjsHvnjV','VnLPoLZE43',1),('6xyjsHvnjV','VOK79JfzAh',1),('6xyjsHvnjV','VsCPFRMKiD',1),('6xyjsHvnjV','vTLuD8HUE8',1),('6xyjsHvnjV','vxTAzum5Cs',1),('6xyjsHvnjV','VzWYxekihv',1),('6xyjsHvnjV','wAoDaBokaw',1),('6xyjsHvnjV','WjY5MFA2RB',1),('6xyjsHvnjV','WVDiDShAzt',1),('6xyjsHvnjV','WYyMum22eE',1),('6xyjsHvnjV','x1fgFod9oT',1),('6xyjsHvnjV','X1zsiLF-aQ',1),('6xyjsHvnjV','X8j0oiug8L',1),('6xyjsHvnjV','XBPgmCm2t-',1),('6xyjsHvnjV','XELiwOzR8z',1),('6xyjsHvnjV','xlnNzMjEts',1),('6xyjsHvnjV','xuGgOGS8tn',1),('6xyjsHvnjV','yBBZ9yxPCP',1),('6xyjsHvnjV','yDwaFOtNT9',1),('6xyjsHvnjV','YiJXr6cVM3',1),('6xyjsHvnjV','YLNBSexFV5',1),('6xyjsHvnjV','yrL0tcINWb',1),('6xyjsHvnjV','ywYKDuKXtw',1),('6xyjsHvnjV','yyf9zLjECc',1),('6xyjsHvnjV','Yz3KMaKGUO',1),('6xyjsHvnjV','z3ZMZ_lBY5',1),('6xyjsHvnjV','Z4vKt3I7fO',1),('6xyjsHvnjV','Z8ts0b9FTz',1),('6xyjsHvnjV','ZaCkfVeItp',1),('6xyjsHvnjV','Ze9PPlNRjb',1),('6xyjsHvnjV','ZfkhI9gv_7',1),('6xyjsHvnjV','zhz5bX28u3',1),('6xyjsHvnjV','ZmTiHsW2ma',1),('6xyjsHvnjV','zPKSWoeCpC',1),('6xyjsHvnjV','ZQZ6i9XhPW',1),('6xyjsHvnjV','ZSkoCMn1Pc',1),('6xyjsHvnjV','ZsuqK29pGb',1),('6xyjsHvnjV','zZao8PUUsw',1),('6xyjsHvnjV','_4aZTXnYqb',1),('6xyjsHvnjV','_6UJ7KJDhU',1),('6xyjsHvnjV','_EK_uhGDru',1),('6xyjsHvnjV','_fGAK8K2jf',1),('6xyjsHvnjV','_G66xcHDO9',1),('6xyjsHvnjV','_GwFTwHeOz',1),('6xyjsHvnjV','_Z6wtPcwp1',1),('6xyjsHvnjV','_ZEGKKc7oV',1),('6_z15oPUzE','yDwaFOtNT9',1),('76kO7bzPxx','yDwaFOtNT9',1),('7HGNugO9aW','yDwaFOtNT9',1),('80t6L2XlSK','yDwaFOtNT9',1),('8f_z03qIY_','yDwaFOtNT9',1),('8nyz_3UWEW','yDwaFOtNT9',1),('8VOhoF7cVO','yDwaFOtNT9',1),('91CEh_rcXY','yDwaFOtNT9',1),('9rXQ7wLQ52','yDwaFOtNT9',1),('abr4LGJ0lF','yDwaFOtNT9',1),('b2AvVh_jnb','yDwaFOtNT9',1),('b3gfZGSs4H','yDwaFOtNT9',1),('BbRzpTNLoE','yDwaFOtNT9',1),('bkr5QhoUuV','yDwaFOtNT9',1),('Bovyqs8833','yDwaFOtNT9',1),('c4wB5pzKjF','yDwaFOtNT9',1),('C7XuU2Kcd8','yDwaFOtNT9',1),('CapTOAjH5a','yDwaFOtNT9',1),('CCbIGWCOBD','yDwaFOtNT9',1),('CjiQKR-b2r','yDwaFOtNT9',1),('CJwg7-KLkw','yDwaFOtNT9',1),('Cl1d-ReftW','yDwaFOtNT9',1),('CTCHgevEJ1','yDwaFOtNT9',1),('cuGXAIN4Qp','yDwaFOtNT9',1),('Cylf8HqWRd','yDwaFOtNT9',1),('d4nu2jkekc','yDwaFOtNT9',1),('d515Rdwee5','yDwaFOtNT9',1),('d7YvLZuJ3h','yDwaFOtNT9',1),('DfY144QOg4','yDwaFOtNT9',1),('DMgmvBYpSz','yDwaFOtNT9',1),('dVDj2VS1FQ','yDwaFOtNT9',1),('DVUKCIEVRN','yDwaFOtNT9',1),('dX4TJ7WJ6w','yDwaFOtNT9',1),('E5zsHdu_zL','yDwaFOtNT9',1),('EaNGbeXwap','yDwaFOtNT9',1),('eDmyxpuRb5','yDwaFOtNT9',1),('En3-R4F4zi','yDwaFOtNT9',1),('FGSjjlRxg4','yDwaFOtNT9',1),('FpCAwhPld6','yDwaFOtNT9',1),('FV9GqncNTK','yDwaFOtNT9',1),('G3fdxjK7oX','yDwaFOtNT9',1),('gc7GpLtUbc','yDwaFOtNT9',1),('GDgIEXhbfu','yDwaFOtNT9',1),('gl7Qh0QHTL','yDwaFOtNT9',1),('gNvd6L_AWr','yDwaFOtNT9',1),('gQ4GwtQq7a','yDwaFOtNT9',1),('H-DtMiuh5r','yDwaFOtNT9',1),('H5HZUQPOnQ','yDwaFOtNT9',1),('hdeNJ9_36_','yDwaFOtNT9',1),('Hq9-3cDOi3','yDwaFOtNT9',1),('htgJ9uzvgv','yDwaFOtNT9',1),('HvrfJ8r-av','yDwaFOtNT9',1),('hWqCjXOmOx','yDwaFOtNT9',1),('I0tj77RQ8E','yDwaFOtNT9',1),('ITny7b0LHE','yDwaFOtNT9',1),('ITvsLk5RpE','yDwaFOtNT9',1),('Ix_nxUBGqJ','yDwaFOtNT9',1),('jCnkLwVvvc','yDwaFOtNT9',1),('JQ75ppKSOC','yDwaFOtNT9',1),('jVdn_Ghigu','yDwaFOtNT9',1),('J_tYrZQ1ri','yDwaFOtNT9',1),('kHR4_cZ5p5','yDwaFOtNT9',1),('Kn5r-tW-mZ','yDwaFOtNT9',1),('L9LwCYCu99','yDwaFOtNT9',1),('lA5bPPkDWc','yDwaFOtNT9',1),('LbPBmNj4vs','yDwaFOtNT9',1),('lDJJb8ZC8G','yDwaFOtNT9',1),('lGme-RpcjT','yDwaFOtNT9',1),('lirKB41FXf','yDwaFOtNT9',1),('m-ahNAQvOh','yDwaFOtNT9',1),('M2RBv42Uv5','yDwaFOtNT9',1),('m4w3So3bXY','yDwaFOtNT9',1),('MACsvoA98-','yDwaFOtNT9',1),('mitLfmRDkf','yDwaFOtNT9',1),('mMGaSVTN-n','yDwaFOtNT9',1),('N7XoR8o-p0','yDwaFOtNT9',1),('O1ESo9heyP','yDwaFOtNT9',1),('o4ju2Uw1tY','yDwaFOtNT9',1),('ofzVxL5gT2','yDwaFOtNT9',1),('oRUUxizBOr','yDwaFOtNT9',1),('ow2SxIB_FW','yDwaFOtNT9',1),('OyCsjUM2sX','yDwaFOtNT9',1),('o_RVywBVU3','yDwaFOtNT9',1),('PLXwwIedFY','yDwaFOtNT9',1),('POhWMbXL7I','yDwaFOtNT9',1),('PQ-faZ8pFq','yDwaFOtNT9',1),('Pq-_x7DH-6','yDwaFOtNT9',1),('pVkYmkrsM1','yDwaFOtNT9',1),('PyC0E3y99K','yDwaFOtNT9',1),('Q81rfCPdvw','yDwaFOtNT9',1),('QM9osfWg87','yDwaFOtNT9',1),('QMPPYN9EGR','yDwaFOtNT9',1),('r0ie6_AkCJ','yDwaFOtNT9',1),('rA7AwU44RW','yDwaFOtNT9',1),('RsXufh3-mY','yDwaFOtNT9',1),('RXRhisIt8c','yDwaFOtNT9',1),('r_ebSAv394','yDwaFOtNT9',1),('saRASzPoM6','yDwaFOtNT9',1),('sC8sZl2cRC','yDwaFOtNT9',1),('SPDwJuEnaP','yDwaFOtNT9',1),('sPQPafugIO','yDwaFOtNT9',1),('srkFf9FSlN','yDwaFOtNT9',1),('sSJ2pclCLU','yDwaFOtNT9',1),('t8h-00D8rc','yDwaFOtNT9',1),('tSZRhGYNZO','yDwaFOtNT9',1),('tyw6mLlRZS','yDwaFOtNT9',1),('T_y_VUFHys','yDwaFOtNT9',1),('u4blRn8WvL','yDwaFOtNT9',1),('UB68BrdIOM','yDwaFOtNT9',1),('UGX7jw_hr_','yDwaFOtNT9',1),('UHa85DULh0','yDwaFOtNT9',1),('UL9fSeyrdN','yDwaFOtNT9',1),('uN4VreRB0p','yDwaFOtNT9',1),('URbsH4jeb-','yDwaFOtNT9',1),('v6GQkY0qfj','yDwaFOtNT9',1),('VCc2EYMK8O','yDwaFOtNT9',1),('Vl1Klq96-u','yDwaFOtNT9',1),('Vo836RrOCD','yDwaFOtNT9',1),('vyd4Ea8VcI','yDwaFOtNT9',1),('Wgb12dI7yE','yDwaFOtNT9',1),('wncbs8sle2','yDwaFOtNT9',1),('WxG0AiZ8cH','yDwaFOtNT9',1),('xdA7ayONRv','yDwaFOtNT9',1),('xfV3DpODTn','yDwaFOtNT9',1),('xHZZ_Pd3mY','yDwaFOtNT9',1),('XIwHOAgoja','yDwaFOtNT9',1),('XQu14l2dpi','yDwaFOtNT9',1),('xYNLsnCQg0','yDwaFOtNT9',1),('xZhGiaRrec','yDwaFOtNT9',1),('y4R-E7-353','yDwaFOtNT9',1),('yDwaFOtNT9','yWAiZ9OTU2',1),('yDwaFOtNT9','zFweGnxeZc',1),('YhlC_aFu88','yDwaFOtNT9',1),('Yskrqy0lHC','yDwaFOtNT9',1),('YZU6YNDhiB','yDwaFOtNT9',1),('ZagjhhouBa','yDwaFOtNT9',1),('Ze9PPlNRjb','yDwaFOtNT9',1),('ZEM3FG11Ut','yDwaFOtNT9',1),('ZGaPFhaXXq','yDwaFOtNT9',1),('ZVh8SRyBKs','yDwaFOtNT9',1),('_F_uLogm_J','yDwaFOtNT9',1);
/*!40000 ALTER TABLE `userconnectionstable` ENABLE KEYS */;
UNLOCK TABLES;

--
-- Table structure for table `usertable`
--

DROP TABLE IF EXISTS `usertable`;
/*!40101 SET @saved_cs_client     = @@character_set_client */;
/*!40101 SET character_set_client = utf8 */;
CREATE TABLE `usertable` (
  `linkedinId` varchar(50) NOT NULL,
  `firstName` varchar(100) DEFAULT NULL,
  `lastName` varchar(100) DEFAULT NULL,
  `headline` longtext,
  `fileId` varchar(500) DEFAULT NULL,
  `pictureURL` varchar(1024) DEFAULT NULL,
  PRIMARY KEY (`linkedinId`),
  KEY `fileId` (`fileId`),
  CONSTRAINT `fileId` FOREIGN KEY (`fileId`) REFERENCES `userFilesTable` (`fileId`) ON DELETE SET NULL
) ENGINE=InnoDB DEFAULT CHARSET=latin1;
/*!40101 SET character_set_client = @saved_cs_client */;

--
-- Dumping data for table `usertable`
--

LOCK TABLES `usertable` WRITE;
/*!40000 ALTER TABLE `usertable` DISABLE KEYS */;
INSERT INTO `usertable` VALUES ('-B64Gls7z8','ZHE','WANG','DSP System Design Engineer at ST Microelectronics',NULL,''),('-dnxxKpAgk','Pradeep','Nair','at Ingersoll Rand',NULL,'http://m3.licdn.com/mpr/mprx/0_xtJM_vXSE0FhYuqJ0Kx6_96uHxCDOfvJjvD6_cbrcsnj3wCM1NdvDB1O6AG-gHNzYlRbuKMvNa0u'),('-imzXrpLLT','Lalitha','Lakshmi','Investment Professional',NULL,'http://m3.licdn.com/mpr/mprx/0_CHQ4Y4a52vAJwJbDCoBIYUpXmKFzdJ9DhEtbYUO4l91L9g3SaanqrRE98gboEOc3_Ik6lphS__F_'),('-jR6vZ1SLF','Naresh','Shankar','Software Engineer at Accenture Services Pvt. Ltd.',NULL,'http://m3.licdn.com/mpr/mprx/0_7bH7EYI2B23bvFYk75IrEjIDBScbMF0kS8prEjV0eIiBQ_HXiT4_XgmAM8BZVhOemkol5seUKork'),('-KN4Adx4QO','MANOHAR','CHANDRAN','Product Design Engineer at FMC Technologies',NULL,''),('-tVvslZHY8','Prakash','Vijayan','at NCS Group',NULL,''),('-WY_AFH-cq','Venkateswaran','K','Head of Engineering  (Trimble Outdoors - India )',NULL,''),('-xa5Sh5czM','Rajendren','T K','Director at TILDA  INC',NULL,''),('0-DyKiuVY4','Xian-Sheng','Hua','Principal Research and Development Lead at Microsoft',NULL,'http://m3.licdn.com/mpr/mprx/0_0-CI4tGf36lmPVg8gtTq4A5-i8NuPVg8gKnN4AXfp58yuYEhPqtFnlK3DaqPrjyuOA8zcnnZPETT'),('024jaHk0ml','Balakrupa','Ram','Healthcare and social Researcher',NULL,''),('06Tw6LOUrk','Balakrishnan','V Menon','Production Manager at OMB valves s.p.a.',NULL,'http://m3.licdn.com/mpr/mprx/0_XGm9LHYgwSWcvWHZQhpWLEYrWoDZvoWZQisWLwSfnuJeEmY4eXYVwIJ3bFSb9DeNL3uHo2PVui6C'),('0DkYtajV1Z','Amit','Singh','Research Engineer at National University of Singapore',NULL,'http://m3.licdn.com/mpr/mprx/0_LPiHRI10CQazKyDS5-XcRe-yC3EsrJySbAcBReC7gbYEfgwDWv1XvH9Tu2o5POgTXK39qfyNNqfo'),('0ibH2FJ2_x','Sivakumar','Subbukrishnan','Team Lead @ NDS',NULL,'http://m3.licdn.com/mpr/mprx/0_Z3_74LMAAkgTNt7uZi3r4bHylie7qNxuV6Br4bW2m6yxIre2qFP_nFjGxSHKBPY8MGTlchRMAjTf'),('0NlD4Nk32Y','Arthur','Tibay','Technology Engineer at Convertium Pte Ltd',NULL,''),('0R3ZlrEe1H','Maciej','Kozuszek','Product Manager at Media Software Sp. z o.o.',NULL,'http://m3.licdn.com/mpr/mprx/0_8LXTPUDh-nFvU-hxGCkYP4f2K9_nUBhxGGrOPJYy7KBQk1c02iqSjMotYRiW4K3PT66xyYugMZ5q'),('14fh_1MaJI','Manikantan','Krishnamurthy','Expert mobile developer, digital media, game and Web consultant with an entrepreneur mindset.',NULL,'http://m3.licdn.com/mpr/mprx/0_R2NuP6UElnd8Er-xJEX1P5JkPr77or-xMD81P5dzuzUxzNL0Bok8jLgRgYfKWc1PVfntyGUUorLw'),('1AQkAE9R1K','Vidyarth','Eluppai Srivatsan','Experienced Frontend UI/UX Developer',NULL,'http://m3.licdn.com/mpr/mprx/0_r9mLMncOkin1rda7-qWnMzi0X65lrEa7tNssMzKfRilTfaJfyrYdcvX3oeLmPSf_AzuRntmJ6xFl'),('1h_kFFwmam','Ramachandran','R','Cognizant Technology Solutions',NULL,'http://m3.licdn.com/mpr/mprx/0_JqFQXFF2iWd8xMaVJr9vX5vm_df80VaVUz1JXkqYy7RKhYJsv-cEEX8KSX7xyjf94cLZIio_hssR'),('1UfflbXCDY','Deepak','Srinivasan','Sr Business System Analyst [Agile] at Photon Infotech',NULL,'http://m3.licdn.com/mpr/mprx/0_q6hJ9G7lS3E-NRZ1NL3o98D-STY-nZZ1nkqQ9TyatkEGWp7PZhrzZ3Hh_fODzxM0zLGFJ6CnmBrb'),('1yNNd98-id','R. Dodge','Woodson','Owner: R. Dodge Woodson Publishing Packages',NULL,'http://m3.licdn.com/mpr/mprx/0_YFRwQlEfdDk_N7DqyGVZQ1o2LaK_Z2yqp5fqQ-MAVIkPbewN-3IbHtD0I8ryRIg4xXJvWvwHb2a0'),('22tjQK1Z8v','Jayaprathap','Audikesavalu','Project Lead at Photon Infotech',NULL,''),('24KFOh6ohH','naveen','raakesh','Admin HR at L&T Valdel',NULL,'http://m3.licdn.com/mpr/mprx/0_vtozjC_TWqeyOeN3B-eQjhG2wNRjYek3B9OEj3TgN-fDT2PTJNVJPTzP5MUGj75DNlHI-QP-QvLy'),('28QbuxYALL','Alex Yong-Sang','Chia','Scientist and Principal Investigator at Institute for Infocomm Research',NULL,'http://m3.licdn.com/mpr/mprx/0_GoniwOYqKH3qezfQGavrwyDX-eNqE1mQ8ICywgyqDa8XvBM6m2QfLjHVp5qIdq7EidNjkVCpE5E_'),('29q29DChHJ','Bhaskar','Venkatasubramanian','Manager at Cognizant Technology Solutions',NULL,''),('2a4jliW3mo','Prasanna Kumar','Juvvuna','Biotechnology Professional',NULL,''),('2AxiuNr8Ev','Guru','Prasath','Second Assistant Engineer - Shipboard at Teekay LNG',NULL,''),('2hrbAHAK8X','Manuel','Lopez Arredondo','Product/Service Line Manager at Intel Corporation',NULL,'http://m3.licdn.com/mpr/mprx/0_UZgaG6bsvpZhhCrVJ0mAGkqccy7CC3rVJMWlG5BFHVUtg5FscYSGuLidJlfg36A9sUxrDG5kWEk8'),('2KMMRjURkr','Sharath','Duraiswami','Senior CAE at Synopsys',NULL,'http://m3.licdn.com/mpr/mprx/0_fXI2TMVmvUBeJ61sfFH1TVV7vYCQJ61sSL0PTR4YEUnn6CXV_GRhfUuKUrGMs3-naFd-myoJ6dc2'),('2L0OAkAiQN','Padmanaban','Varatharajan','Development Expert at Amdocs',NULL,'http://m3.licdn.com/mpr/mprx/0_iIoQnZMQ65c6owfYiHRvnRfe6b39eHmYT2OJnRxUJCz6BuMO7DVE4UIvHdTdIf7tGHHZMyStw8PA'),('2VORMh_Zc_','Sridhar','Raman, PMP','Project Lead/ Marketing Engineer, CEI Contract Manufacturing Limited',NULL,'http://m3.licdn.com/mpr/mprx/0_0-CI4PqPi6KuxV2809Pq4A61i8NuPVg8gznN4AXfp58yuYEhPqtFnlK3DaqPrjyuOA8zcnVzXwbT'),('2xU32nAE89','Mahinthan','Chandramohan','Research Scholar at Nanyang Technological University',NULL,'http://m3.licdn.com/mpr/mprx/0_tK6jMzGCy8GKg-wfKAFCMBlGy_kxjqUfKB-CMBig_LK7GKu7On9AccBPtmX8Y1siPPXinrAbMJ1r'),('37Qo2ja1ZN','sumesh','m','Module Lead at Wipro Technologies',NULL,''),('38HdhQJDZr','Manju Priya','Suresh','Software Tester at BirlaSoft',NULL,'http://m3.licdn.com/mpr/mprx/0_JcF2q3-3AhuKOvOrMBBPqCvhPi0hY9xrU91PqCvju6IrTteKvAchsG31gSx0jAYp4qL-RLFFZkzf'),('3CkyzjUX80','Balakumaran','Mani','--',NULL,'http://m3.licdn.com/mpr/mprx/0_TOAnqx6vDkBH_xHKiY-Lqj-X7L-ZipHKiyLdqpTkK_6epZ0rD43ssyzETHtb8Rdy8j1eRUxPTABc'),('3eDddtm9EC','Swaminathan','Sekar','Manager, Head of Financial Services, Asia Pacific (Enterprise Sales) at Intel Corporation',NULL,'http://m3.licdn.com/mpr/mprx/0_IUM7SecFcgfb7C1EdVRrSI95BYH57C1EWJSrSovveUpvK6XobgW_iE3UMres25-QoZUlCSbaizR4'),('3H33_txOCD','Malek','Basrai','Senior Human Resource at Sennheiser Electronic Asia Pte Ltd/Sennheiser Consumer Electronics GmbH',NULL,'http://m3.licdn.com/mpr/mprx/0_mv6Vd4niuuzvYOWe21FLdU1O27FLy4Me2t-5dUNO1E1z_ymHGP99bRhrG3bV00Zk7nXX6p6IDDG1'),('3IzBMNWDTI','Mukund','Venkatraman','Creative Director, Banana Brandworks',NULL,'http://m3.licdn.com/mpr/mprx/0_-zC9rqtjSrztAxL0tt_5rBng7BCtlVL0rlnWrBAuKAnCmY-xY1tVYc5CTsGS-jX1198H0r_cCJFS'),('3lZdPh5_Oj','zhixiang','ren','Student at Nanyang Technological University',NULL,''),('3nAe7FifqD','Erik','Stolterman','Professor at  School of Informatics and Computing, Indiana University, Bloomington',NULL,'http://m3.licdn.com/mpr/mprx/0_FEYCEmunnDxvbQDkLIplEDjnNwUvb8Dk5HEjE20Qwm75ZXVXwummXuwesLREXb2e6Wyy5wTy7k0G'),('3pG8yaRPZl','Sundar','Rajasekaran','Managing Director, Glazeware Enterprises',NULL,'http://m3.licdn.com/mpr/mprx/0_m8msvU7Y5TkMUWWxm675v4sAWhiWBo4x2GsLv4dunLcMemf0GQYnRZgCbm_nqDJP7_uksxctm89i'),('3QD6LmOPqX','Ashish','Awaghad','iOS Developer',NULL,'http://m3.licdn.com/mpr/mprx/0_q6hJ9GSpfCExnYd19TQo9T0xSTY-nZZ1nFqQ9TyatkEGWp7PZhrzZ3Hh_fODzxM0zLGFJ6a284lb'),('3qJJbtTueS','Mahesh','Balasubramaniam','Business Development Manager',NULL,'http://m3.licdn.com/mpr/mprx/0_jE7gvAeBsQ5CFboPx20CvtRcshP_bXVP0aUGvPJo5QbPZ8D1luxlR1SXND1yXiRxpWS_sqF4aJyY'),('3qsMTyqgfO','HD','Moore','Security Research & Development',NULL,'http://m3.licdn.com/mpr/mprx/0_V24ZqLdzI6pSoIVyZHdbqQuWI8aSoDUyZI2FqQEzq5VgzWupnoHNs6ORLamtWosKRfVQR3NbdNiv'),('3T-Bkm0bzS','Sundar','Sankaranarayanan','Business Manager at IBM',NULL,'http://m3.licdn.com/mpr/mprx/0_mv6Vd4LmuuAep4WemKnddUQa27FLy4Me2t-5dUNO1E1z_ymHGP99bRhrG3bV00Zk7nXX6p6PQhb1'),('3v9hctgmwr','Yin-Ping','Mak','Manager, Water - Process & Technology at Sembcorp Industries Ltd',NULL,'http://m3.licdn.com/mpr/mprx/0_YFRwQlwuFWLms7DqY8H4Q1oALaK_Z2yqp6fqQ-MAVIkPbewN-3IbHtD0I8ryRIg4xXJvWvwACvS0'),('3xBr8yQnaz','Javahar','Vasagar','Service Engineer (DCS)',NULL,'http://m3.licdn.com/mpr/mprx/0_IP83MDFPPG7d-vp_WB_tMmNa16MdKvS_WtNYM7ka2iSJ7AsibvKDcfrhjeJ91tu7oKC0nHsPxkDI'),('3y5e7nqn4g','Stephen','Bylo','Sales Engineer at RightScale',NULL,'http://m3.licdn.com/mpr/mprx/0_NArAm8Tgypgytl9bn1KCmGhlyssxt-bb9rXmmG_T_xm7SnKF4chjhCc7tqV8AzQwv--fT5j-0joL'),('3ZOY7moHaI','Gowrishankar','Periyasamy','Senior Software Analyst at Bally Technologies',NULL,'http://m3.licdn.com/mpr/mprx/0_5fq3TIp5K4d9w-3VLDQYTeEQKRfRwl3VFHhYTeDn7ORINz9sddXDfHMZYv7XHnh9k290mf0R1mST'),('42bBFC9GOB','Vignesh','Rajaram','Research Analyst at Irevna',NULL,'http://m3.licdn.com/mpr/mprx/0_xtJM_vniH0ngpEXJgzWo_cTrHxCDOfvJjPD6_cbrcsnj3wCM1NdvDB1O6AG-gHNzYlRbuKvUcMRu'),('44JLeELUbc','Praveen','Vijayaraghavan','Client Insights Consultant at Symphony IRI Group',NULL,'http://m3.licdn.com/mpr/mprx/0_k14DPHir9-Iq0TT0QtIOPEhfnPmJgTl0Ql2tPwCKWzsdCLQxHzH3jI9YZYa6OQK15rV1y2rvS3_o'),('46EyZRTNL0','Altangerel','Ganbold','Security engineer at Mobicom',NULL,'http://m3.licdn.com/mpr/mprx/0_JhxB85wgEVRT9HcZMTJk86sYE4D29aQZUCwH8Fd_vjJpdEl4v67UabgSknS1vdbN4igW78RlDoYl'),('46wUCb0d3q','Saravanan','Sundaramoorthy, PMP, SSGB','CEO, Mediasix Creative Services',NULL,'http://m3.licdn.com/mpr/mprx/0_jOgiHrXZc7Pa_Fx6xYDpHPzsBEvfi3a6x0WyHPXke7T0p5JQl4SfQ1KEMXzr86fopjxjFq9482y-'),('47gtA5hrYl','Balasubramaniam','SV','Graduate from School of EEE at Nanyang Technological University',NULL,'http://m3.licdn.com/mpr/mprx/0_upscWJ5IWEhwmowduJ4eWUnWdWXou7wdmZmeWsLq9frVPIyWhVERFVlVFkkzfeELS0ZdQjUuJlSk'),('48RW7F77B6','Dilip','Prasad','Research Fellow at School of Computing, National University of Singapore',NULL,'http://m3.licdn.com/mpr/mprx/0_73E_PMRCq-NwZLG0fiWpPVJCqvCwZL_0DhYpPRogIKnUbTNxiFs7jUYPVRGNRGC1mGegyy4jFH7C'),('4DBooiFIoB','Yu','zhang','Research Scientist at DSI',NULL,'http://m3.licdn.com/mpr/mprx/0_fsPnURXzuG9Li4d2fYC5UMcU2kL6TOe2DObdUZz61GA9Ysxu_y_sz4THGW5JGJWhaMleN0FJEBdg'),('4DVKcmF9q3','Shubhashree','Sangameswaran','Communications, Milaap.org',NULL,''),('4tLjpX4pf6','Jayashree','Venkatesh','Graphics Software Engineer at Intel Corporation',NULL,'http://m3.licdn.com/mpr/mprx/0_Pk_hAcVKKlcy4qtglQA1ANVjrN8AqqigA5BxANg2flN3IKqj0CP2xqdGOVhaB1GltbTOO17qFZ4B'),('4Vqxvj6wco','viswanathan','Sankaranarayanan','Engineer at Gurukadaksh',NULL,''),('4vVSG2u8_U','Cédric','Blancher','Senior Expert in Computer Security at EADS Innovation Works',NULL,'http://m3.licdn.com/mpr/mprx/0_u1nHTOcTGgQe0y8n2P6RTynDCj-Ej0KnmBCBTyklgU6sGUb9hzQXfprxurtvY4lsSrN9mRnby4qr'),('4w7TUW4fKt','Arun','Sundaram','Masters in Finance Candidate 2013 at London Business School',NULL,''),('4WRZWO6uZS','Ramaseshan','Ramachandran','Senior Director at Cognizant Technology Solutions',NULL,'http://m3.licdn.com/mpr/mprx/0_NArAmTTjyV0Yt-6bVn1CmiPTyJsxt-bb99XmmG_T_xm7SnKF4chjhCc7tqV8AzQwv--fT5js1o2L'),('4zEZnDLdLy','Ganapathy','Swami','Process Engineer at Lam Research',NULL,''),('4_GhILheLX','Jayanth','Venkataraman','Staff Software Engineer at Brocade',NULL,'http://m3.licdn.com/mpr/mprx/0_e0hbvSnRh8JdD42P6MKqvaqJ850d342PoOq4vakwx8IJOyR1XJrwRmr5mIx9C0DxWpGMsWs7UJeQ'),('51Q_3NNEC3','Ramasamy','Gopalan','System/Circuit Design Engineer',NULL,'http://m3.licdn.com/mpr/mprx/0_Oz05kB9tk2LC1faUyt4VkznyXd8Clf7UyBIVkqchR2NtmwZRt1fWoN_aobhg-HmB09jUwPWHjsPU'),('59cZATO5LP','Srikanth','R','QA',NULL,''),('5EJJtuK9Ix','Sriram','Swaminathan','EQUIPMENT ENGINEER at Micron Technology Inc.',NULL,'http://m3.licdn.com/mpr/mprx/0_ePvupaN_-PmMrlii6qFPpScGrlZdp-tioNT1pSkPfNuJin5_Xv58tDrgO049xzPfWKBt1onrPUZb'),('5GhW7TwBmD','Shaunak','Ahuja','Systems Analyst',NULL,'http://m3.licdn.com/mpr/mprx/0_EBP1XaQKxWwIxA4no9K8XSQpgEO6PtHnHnbuXuv_C7o9u9096l_0E23SPXYJrvdswNlDIIIlq56j'),('5rTV4p8e2D','Ramya','Bhuthalingam','Research Assistant at National University of Singapore',NULL,'http://m3.licdn.com/mpr/mprx/0_-vl8EBAGpolltq0HK1K0EzCPrwQtKlmHKt50EqACfmtC7zMeYPTuXN5uOL6S1n7X1nPY5P7-6ASY'),('5vf6i2b5Z6','Hariharan','Venkataramani','System Design Engineer II at SanDisk',NULL,''),('5xo-_-Qvrs','Preethi','Balasubramanian','MBA (HR & IT) with 5 years of HR experience in ITES, Healthcare, NGO and Consultancy industries.',NULL,'http://m3.licdn.com/mpr/mprx/0_-ev3kzDdKm9rH-pR-SQtkB2nKd3tH-SRK7TYkBg977zCcnsUYm5Docd4YXTSwzuc1wB0wr_RLI3q'),('5xxovp4bC1','Deepak','Subramanian','Research Associate at Temasek Labs@NTU',NULL,'http://m3.licdn.com/mpr/mprx/0_NFyu882TMjR_q6tqni7P8GMjvgyPN_tq9he18GxTEZe_wF5N43u8aCI7U1puckP4vXYt75TWZXur'),('63qXcNuy05','Marta','Lorenzon','Archaelogist-Cultural Manager',NULL,'http://m3.licdn.com/mpr/mprx/0_SrapvxFY4Tzo-XM17lYfvpvAV_-HrbM1fcV_vpQfLQ64fimP39OrRy-3qDtcP8Z0u12GsUZwGrsV'),('67NHvBeYBR','Sreepriya','Jayaprakash','HR Professional, Bangalore',NULL,'http://m3.licdn.com/mpr/mprx/0_2bYEOg4xbc_Fv7-hu6xJOOJr5Kvbv2-hmQEzO0VisvTBEeL88TmQKxmDwOzZ9I12DkyNAZXnXd0k'),('6CSMlHNex6','Akansha','Agarwal','Electronics and Communication',NULL,''),('6dpKS2ig1x','David','Woon','Head of Operations (EADS Innovation Works South Asia) at EADS',NULL,'http://m3.licdn.com/mpr/mprx/0_Oz05knng6oNtAfOUyAx9kzQyXE8Clf7UplIVkqchR2NtmwZRt1fWoN_aobhg-HmB09jUwP5EmVvU'),('6HcWNUPkEK','Karthik','Viswanathan','Systems Operation Analyst - Contract @ IBM',NULL,'http://m3.licdn.com/mpr/mprx/0_XUxLRd8VwQpc7mfDXpynRwtBbkIq_mmD6ywsRwr5ZG0XyoMSeg7dvIkwWWwIhW73LZgRq2Cr6YJj'),('6JFsalqSY6','Peter','Loh','Academic',NULL,'http://m3.licdn.com/mpr/mprx/0_2bYEOgEpbcCkz2GhChSvO0wx5Kvbv2-hm8EzO0VisvTBEeL88TmQKxmDwOzZ9I12DkyNAZHJRpDk'),('6jGammMwmN','Sunand','Sreeramachandran','Technical Support Manager',NULL,'http://m3.licdn.com/mpr/mprx/0_fjdmjpQLnq8FaQ3T7OMljxndNAnoaLATSVjAjY5VwqCVAT63_RJCPOAqsx9zSGrSaOIK-JU9NP2s'),('6KDFshDvr_','Ravi','Thiagarajan','Business Analyst',NULL,'http://m3.licdn.com/mpr/mprx/0_UZgaG6bczje8G3TVzyjAG5qcc07CC3rVJVWlG5BFHVUtg5FscYSGuLidJlfg36A9sUxrDGWYUfL8'),('6pcu6N7b2e','Vignesh Srinivas','Kaushik','Research Architect',NULL,'http://m3.licdn.com/mpr/mprx/0_WTL7mWJStRfFRn-Iw_BymI20-yIwMzPIIiArmIoxDV0UQlkwLbz_hwYlplwNV-tFeCFlTuqsPkZi'),('6tNy0SkWAZ','Thomas','Kristensen','CSO at Secunia',NULL,'http://m3.licdn.com/mpr/mprx/0_8LXTPsZpynrsUlrx8FQ-PJmDKv_nUBhxGXrOPJYy7KBQk1c02iqSjMotYRiW4K3PT66xyYhokCBq'),('6TTYrWvSVk','Vidhya','Vasudevan','On a career break',NULL,'http://m3.licdn.com/mpr/mprx/0_k14DPH1Sn1UcgTl0kcstPw8hnrmJgTl06q2tPwCKWzsdCLQxHzH3jI9YZYa6OQK15rV1y2yotibo'),('6V2nwu-KR3','Sudarsana','Rao S','Business Development Manager at SCM Microsystems (India) Pvt. Ltd.',NULL,'http://m3.licdn.com/mpr/mprx/0_IyKoX7bZToDQ_xOnWRGJX2B4_uOW3xxnWUkvX2LbyooMORe9bs86EulWSTYnCZYsoxtqIwB7i9uS'),('6xyjsHvnjV','Viswanathan.','Sankaranarayanan','Senior Engineer (Onboard Data Handling) at ST Electronics(Satellite Systems) Pte Ltd.',NULL,'http://m3.licdn.com/mpr/mprx/0_TLYPQjYyqWc9vLdqT6phQxsr4HrNB8dqiGE2Qxj8FDXkeXONDimxH0Wm9QKwqbH486ySW4isWSmO'),('6_z15oPUzE','Harsha Vardhan','Karanam','Project Leader at Evolving Systems',NULL,''),('76kO7bzPxx','Behrouz','Saghafi','Research Engineer at VADARO PTE LTD',NULL,'http://m3.licdn.com/mpr/mprx/0_ncgMlbAPdqol-Dkp9qY6lLqpwt7rtDzpqrW6lLP3NBUhSWGyVASv05Ff5pffAoqrBqxbYCSLr9aP'),('7CYl3K7EDN','vejey karthick','gandier','Research Engineer at V-Key Pte. Ltd.',NULL,'http://m3.licdn.com/mpr/mprx/0_SLdZcMUmoQNbBdIjS3VwcVW_eCTkUdRj7XjFcVRpBXvNkS2g3iJNMs7-Q73U4aVAu6IQ4gWhkSWl'),('7dlT2yMPqm','Moshiul','Islam, CISA','Founder & Chair, OWASP Bangladesh Chapter',NULL,'http://m3.licdn.com/mpr/mprx/0_R7Vm6CZWcmUxo3jzJwZg6hMQcSOfECjzMDaA6heqHeo0v6ovBWoCe8pVJiYrd5pJVu4KdbV387cj'),('7HGNugO9aW','Prabhu','Rajendran','Software Engineer at Corent Technology',NULL,''),('7MeHjBgMi-','Sachin','Kaushik','--',NULL,'http://m3.licdn.com/mpr/mprx/0_pl4feBBaUDACgk7wpPIpeqcTBu6Sx3OwY12Kez61eW-g85dIKBHi6vtjMGQtp60bjtVAbtZK-EDP'),('7nIeDilKC3','Mohammed','Pitolwala','UX Designer at Savant Degrees',NULL,'http://m3.licdn.com/mpr/mprx/0_UZgaGFkvBVMth3lVMU0AGkXFc07CC3rVJMWlG5BFHVUtg5FscYSGuLidJlfg36A9sUxrDGWC1KK8'),('7P0A400aZM','Ajay','Mishra','Key Accounts Manager at Schneider Electric India',NULL,''),('7QZgoEXe7v','Sreeja','Pillay','Project Lead, Program Management Office, UTC Aerospace Systems (Goodrich)',NULL,'http://m3.licdn.com/mpr/mprx/0_3Y7SZp5oq3_ZCXpT3yYtZx5Rn89JGXpTiVU-ZxGoW6Gdj8I3SZxT90nXZSn6TijShgSPB4yfP8ci'),('8-94I3uzkk','Ananth','Krishnan','Global Marketing Manager at NXP Semiconductors',NULL,'http://m3.licdn.com/mpr/mprx/0_rmBXqlmei6BAHZ2rtdKBq-ud3LPjej2rtW_Uq1ScOhbDBMRKyebHsPJJfw1GIVDpASvVRN1ViJLU'),('8-k6E_susp','Vanz','Perla','Application Consultant at NCS Pte Ltd',NULL,''),('80t6L2XlSK','Sharad','Sinha','Research Scholar, Advisor at Ideatory',NULL,'http://m3.licdn.com/mpr/mprx/0_cDHk-3x6LrEgHerrBwdR-CSFFnxxHITrv7pR-_7s4Pw7c7nKUI4eyiRNd408w28p9aosjXAnTBZe'),('83vUTP1R9g','Amarpal','Singh','Marketing Manager at Komli Media',NULL,'http://m3.licdn.com/mpr/mprx/0_5R4EHm_E6m0BGS7Qb0dzH2_b6uZBaSOQFV2zHDrnJWubAdd6djHQQSkZHG4eSE0Ek4VNFEaNMmgw'),('8f_z03qIY_','Adithya','Seetharaman','Director at Dynatherm Alloys Private Limited',NULL,''),('8K7vEy83GE','Shankaralinkam','Muthupalaniappan','CEO @ Aishwariya\'s silks',NULL,'http://m3.licdn.com/mpr/mprx/0_IUM7SenQBJSW7kiEwjRrSIBXBjH57C1Ed0SrSovveUpvK6XobgW_iE3UMres25-QoZUlCSwyC0D4'),('8kiBM8oM4h','Sujan','Muraleeswaran','Practice Leader and Delivery Manager',NULL,'http://m3.licdn.com/mpr/mprx/0_JE55fCZFTy7GIj_kRmQ9f3IQTMRhwZ_kUwlVf3JVYyfrNpNXvuvWTTSq7cU0HxCe4WbUhQIibjW3'),('8nyz_3UWEW','Abishek','Sridhar','Mechanical Engineer (CFD/ Heat Transfer)',NULL,'http://m3.licdn.com/mpr/mprx/0_VoW0f8JJRg78H35X4dI2fiRdUxVTokqXZDg8fisMkJalzhikn2M1T_aBvtsYW_zHRdw3hkHF2Yaf'),('8OhBXjl1ha','Rubina','Amalraj','Hardware design engineer at Cisco Systems',NULL,''),('8VNAUIOqAE','Depak','Gupta','Account Manager at CellCity Pte Ltd',NULL,'http://m3.licdn.com/mpr/mprx/0_KMzyHBCdjonxmrWor46_HzAzxf5K2P4o-Y3iHztv8Wl81cfEpxLKQv6UlGL77NJ6lscCFthyOyRN'),('8VOhoF7cVO','Sukumar','Rajagopal','Senior Vice President & Chief Information Officer at Cognizant Technology Solutions',NULL,'http://m3.licdn.com/mpr/mprx/0_66VqgSu7FzYZsechkLdwgfDGINMBsmQhkkawgfy-qlSb5ol8Eho417HpLVJeJWb2FL4oteGs3rsf'),('90dTOhbbSB','Ranjitkumar','Sivakumar','Software Development Engineer at Amazon',NULL,'http://m3.licdn.com/mpr/mprx/0_73E_PMUDNncUNLP0D8opPRw8q9CwZL_0S5YpPRogIKnUbTNxiFs7jUYPVRGNRGC1mGegyyZpNUWC'),('91CEh_rcXY','Siddharth','Sundar Rajan','Chief Software Architect at Personal E-Motion Pte Ltd',NULL,''),('9adx_mY5A4','Janani','Sundar','Student at Shanmugha Arts, Science, Technology and Research Academy',NULL,''),('9Gar0AazDG','Girish','Raja','Senior Technical Product Manager at Microsoft',NULL,'http://m3.licdn.com/mpr/mprx/0_Ol4nOBqioN1Ggaq2p9IdOqXfonLaxSX2yK2dOq61zPAO8d1utBHsKNtjX45ApELh0tVeAPNvpL4J'),('9LvywX52Cc','Vijay Kumar','Sankaran','Manager.Software Engineering',NULL,'http://m3.licdn.com/mpr/mprx/0_R2NuPFJd1Bs86r_xJE50P5dLPr77or-xMD81P5dzuzUxzNL0Bok8jLgRgYfKWc1PVfntyGcZzaKw'),('9rXQ7wLQ52','Uma','Muthuswamy','senior assistant at State Bank of India',NULL,''),('A7HnTy9ZPj','Robert','Poddar','Project Manager at Identive Technologies (India) Pvt Ltd',NULL,'http://m3.licdn.com/mpr/mprx/0_gPLYktNGYIzTpzocxqGTkr8xYulmpzUc0NA3krFxTW5YiluBAvztoKPlKGAlx-sRyKF8wBJ1jWCD'),('abr4LGJ0lF','Ashwin','Ram','Innovation Fellow, PARC; Co-founder, OpenStudy, Enkia; Professor, Georgia Tech. Expert in AI, CogSci, Edu, eHealth.',NULL,'http://m3.licdn.com/mpr/mprx/0_8LXTPsf3ynnMUqlxG5F-PJjuKv_nUBhxGXrOPJYy7KBQk1c02iqSjMotYRiW4K3PT66xyYhMSd5q'),('aBRgVPv2Di','Anand Bilas','Ray','IT Professional with experience in Business Analysis and Project Management',NULL,''),('AGCTwyxFLM','Pushpa','Latha','Recruiting Leader - GE',NULL,'http://m3.licdn.com/mpr/mprx/0__by8vxgGcXcVc571D32xvpOGv5tBz_a138e0vjpGEiQboFJPfTuuRge2Ue-enkf0CkYYssa7YqXS'),('ah5y3ToH4Y','Vijaykumar','Balasubramanian','Senior Product Manager at Identive ID Infrastructure Division',NULL,'http://m3.licdn.com/mpr/mprx/0_JcF2qhNf13dSO9OrUnB1qCX3P80hY9xrUv1PqCvju6IrTteKvAchsG31gSx0jAYp4qL-RLIXDztf'),('ahmfshCLA5','Saurav','Bhattacharyya','Co-Founder - Viometrix/Quantum Inventions',NULL,'http://m3.licdn.com/mpr/mprx/0_A8PuXPmh-7TOzq7nPktPXrx-rf-xB-OnxXb1XrfhfW67end9gQ_8EKUaOGt8qz0sr_ltIBlSaZnp'),('AIAK-Q2UTq','Ritesh','Rajani','Staff Software Engineer at IBM DemandTec',NULL,'http://m3.licdn.com/mpr/mprx/0_m8msvsZgIQALBoHxaFHWv4fKW_iWBo4x2bsLv4dunLcMemf0GQYnRZgCbm_nqDJP7_uksxB_KAhi'),('ARKNCbQ8lM','Prasad','G','Associate Manager - Human Resources at Vedanta Aluminium Limited',NULL,'http://m3.licdn.com/mpr/mprx/0_fXI2TZ4Yz0QERhCsS6MPTR03vjCQJ61sDi0PTR4YEUnn6CXV_GRhfUuKUrGMs3-naFd-myoj82C2'),('ArR5IvBbVu','Karthik','Shivram','Graduate Student, Electrical Engineering (Mixed Signal Circuit Design), ASU.',NULL,'http://m3.licdn.com/mpr/mprx/0_itf3qR5jJ5bMr_gpSna-qZGjzLis-5Sp39RYqZG2o_cED3sy7N0Ds4nGRH_5lCurGlD0R0KZqj24'),('aTPLYlBCyP','Sathyaraj','Narayanan','Sales / Business Development at Hibex Singapore',NULL,''),('auVdKDzNyO','Ashok','Thyagarajan','Aero Structure Design Engineer',NULL,'http://m3.licdn.com/mpr/mprx/0_Y5gdzKRYbL9unIx-rGynz-UKb_KinDO-ykWnz-ZCZLk1WWdt-_SLUt2uWmrpzo0OxQxcVvQLwO6E'),('AWsijiPrTs','Venkatraman','Balakrishnan','Senior Sales Account Manager at Dell India Pvt Ltd, Chennai',NULL,''),('Ayazs2u2NF','Ananth','Iyer','Project Management',NULL,'http://m3.licdn.com/mpr/mprx/0_tlYgplP0RNCxP_F_-cpmp-_-J-zxPhn_r1EGp-_i6c37ukTiOBmlttcDcyv8rFB7Pty_1vl0FsH2'),('b0rRPjmEGh','Anshul','Sharma','Senior Research Analyst - Aerospace, Defence & Security  at Frost & Sullivan',NULL,'http://m3.licdn.com/mpr/mprx/0_Vu55rTHL_9e7IZ1P4Wz9riwLTBxSwZiPNHlVriEVYAwgNpq1nEvWY_Oq7s0tHxGxR7bU0kNZc6R9'),('b2AvVh_jnb','Karthik','Gowrishankar','Analyst, Commercial Marketing at Johnson & Johnson',NULL,'http://m3.licdn.com/mpr/mprx/0_73E_PMs7nnLFVLG0DLMKPR22qvCwZL_0D_YpPRogIKnUbTNxiFs7jUYPVRGNRGC1mGegyyN1KcVC'),('b3gfZGSs4H','Srividhya','Rajendran','Instructor at Missouri Western State University',NULL,'http://m3.licdn.com/mpr/mprx/0_utI7LgNfqwzHp8OqunUpL0BDq7rEYQxqaP0rL0XjIEXsTGeNhNR_wxK1V3KvjTY4SldloZ9Sg_yL'),('b50jn4WckN','Ha Thanh','Le','Research Student at Nanyang Technological University',NULL,'http://m3.licdn.com/mpr/mprx/0_D5pUSVZPE4l5sScofiDHSM0YEY5Lnano7kHXSMZGvUlzWETET_2BiJ22krLVzdB62QO5COEyOkhs'),('BbOR7GDHkq','Jeremiah','Grossman','Chief Technology Officer at WhiteHat Security, Inc.',NULL,'http://m3.licdn.com/mpr/mprx/0_V24ZqXHIWhVT6mVy4fdwqbddI8aSoDUyZD2FqQEzq5VgzWupnoHNs6ORLamtWosKRfVQR34tIOzv'),('BbRzpTNLoE','Abhishek','Bandyopadhyay','Master of Computing, National University of Singapore',NULL,'http://m3.licdn.com/mpr/mprx/0_mbFan0U_t3keRKDta6blnyWOtTA5Jnyt2L1lngMYSFLv6-w-GTcG4jDKyulsslgY7kLrMVwbkRuv'),('bD9d0byih7','Deepthy','Ravindran','Information Security Consultant',NULL,''),('bGuTYggsXb','Ramanan','Krishnamurthy','Investment Risk Analyst at CPP Investment Board',NULL,''),('bIw6DZc9BX','Mahesh','babu','Team Lead at Accenture Technology Solutions',NULL,'http://m3.licdn.com/mpr/mprx/0_OurBLBdVaE1mIgo4KeteLzdnuW8aFOo4yaXHLqEbPuNO4sjZtEhUwNOWCFhAkJIq07-WoPq8LSTg'),('bkr5QhoUuV','Sashisekaran','Thiagarajan','Ethernet Engineer, Long Term Technology Planning at Tata Communications',NULL,'http://m3.licdn.com/mpr/mprx/0_u1nHT09CCUBog03n2N9cTyL2Cj-Ej0KnmBCBTyklgU6sGUb9hzQXfprxurtvY4lsSrN9mRV6kVBr'),('bO4Axe_rx0','HCRajan','GopalSamy','Manager - Software',NULL,'http://m3.licdn.com/mpr/mprx/0_DBwsjZkTo-Co0SzDDPIdjV6CoAb50wND7KxLjVvYzqPvhf_STlUnPs3KXxFsyuv32NWk-gFGeB2O'),('bO8HS1_SSH','Lakshman','A','Senior Technical Consultant at Temenos Singapore',NULL,'http://m3.licdn.com/mpr/mprx/0_fl6WHRFT_eGHgR7o7rkVHM9CTfLo0ZxoS1-9HZ5OYoAVhpeE_B95Q4Ar7T5zyxY6atXBF0R44NiB'),('Bovyqs8833','Harissh','Sundararaman','Material Planner at Unilin',NULL,'http://m3.licdn.com/mpr/mprx/0_imOA6RDMsmq46XRMiSym6MxQswisXTIMTWom6ZaQ5mcERLpJ7eaje4seNL_5bQovGSpfd0pioUis'),('bQrtqSz7AS','Ramachandran','Balasubramanian','Senior IS Systems Analyst at Philip Morris Information Services',NULL,'http://m3.licdn.com/mpr/mprx/0_Ow-uHBVLKoG2W-aoYWixHqdVrfLG5lOoyd61HqVLfWA-szdEtSG8QNmIOG5j6n060ertFPHUpiIt'),('bTL6n6anCi','Mohit','Sindhwani','Director (Technology & Training), Viometrix',NULL,'http://m3.licdn.com/mpr/mprx/0_V24ZqXMIW648EeVyZwYwqQeLI8aSoDUyZD2FqQEzq5VgzWupnoHNs6ORLamtWosKRfVQR34lgCiv'),('bvD933j-pk','Winston','Leong','Senior Consultant at Ernst and Young Risk Advisory Services',NULL,''),('bYvzNxaf87','Jerrold','Yew','Final Year Undergraduate',NULL,'http://m3.licdn.com/mpr/mprx/0_MC0ebCUhXds3qEunJGpUb3olkmYDqfjnU6Icb3whUHEjIwo9zkfkdT0aE_O-BHpsZTjneQJpu71R'),('c-GzqYcHu7','Amit','Sachan','Scientist at Institute for infocomm research',NULL,'http://m3.licdn.com/mpr/mprx/0_UZgaGFvFBxWGCChVJssAG5BBcy7CC3rVJxWlG5BFHVUtg5FscYSGuLidJlfg36A9sUxrDGdbQs18'),('c0iUgc0aLc','Deepak','Sharma','Expert Digital TV and Broadcasting, System Integration and Management',NULL,''),('C0jr3S-wvt','Naveen','Richard','Test Project Manager at Accenture Technology Solutions',NULL,'http://m3.licdn.com/mpr/mprx/0__by8vYg0zQL9J_x13k70vpgYv5tBz_a1Tie0vjpGEiQboFJPfTuuRge2Ue-enkf0CkYYssmg9T9S'),('C0Oh4eNWKv','Arvind','rangan','Snr R&D engineer at DKE Precision Pte Ltd',NULL,''),('c4wB5pzKjF','Kashy','K','Technical Executive at IPsoft',NULL,''),('c6hkWjdwWc','Sumit','Bakshi','Head - Mobile Money Transfers',NULL,'http://m3.licdn.com/mpr/mprx/0_HiYZ1dsgoKdecdbYohxF1wdKerDeBuBYEXEF1wI8BzJZeH8OkLmNgIxmQYSBqwntdhyQp2MUnZbu'),('C7XuU2Kcd8','Nitin Padmanabhan','Krishnamurthy','Executive Producer/ Filmmaker/ Entrepreneur',NULL,'http://m3.licdn.com/mpr/mprx/0_yths_KGp2UQarOvv-zCd_1i-2pPut4qvOPqL_1XS1JbySyizrNrnDPK_Gt1PA0zMglGkuNsnsALT'),('C93YgjPY0x','Prem','Somasundaram','Sr. Solution Architect, Blueprint Practice, Healthcare',NULL,'http://m3.licdn.com/mpr/mprx/0_in1UQMigf7XMgpEZTt-XQRPxfS39lxsZS-FXQR1hrIz6mRS47KiBHUba38Td-ZUNGvA5Wy3nV0QZ'),('c9kT3S5ers','Suresh','Ramanathan','Experienced Human Resource and Project Manager',NULL,''),('CapTOAjH5a','Hema','Swami','Sales Operations at Badgeville',NULL,''),('Cca4Ky5jc0','Parag','Maniar','Founder, CEO, and Telecom Consultant at Vaishali Consultancy Limited',NULL,'http://m3.licdn.com/mpr/mprx/0_HAcsUH3m7X0dppZuH1q5UwFG73eHYpZuEriLUw6AKXy4TZ72kcFnzIt0T7HcjRM8d-zkN24IexPX'),('CCbIGWCOBD','Kaushik','Subramanian','Applications Engineer at SPX Process Equipment',NULL,''),('cfJqlQh9-2','Arun','Chauhan','Joint Director CERT',NULL,'http://m3.licdn.com/mpr/mprx/0_y_g-sBJxckq3qFEaOLyDsqWyRX6un3EaO3WSszeCX3-yW5gmr5SOqvpuzEQPz6wGg8x2vts64xKc'),('chz_jlMozd','Manix','M','Senior Technical Manager at MindTree Ltd.',NULL,'http://m3.licdn.com/mpr/mprx/0_FEYCE7OvqDWM5QDkL2SgE209NwUvb8Dk5SEjE20Qwm75ZXVXwummXuwesLREXb2e6Wyy5w36n8RG'),('CjiQKR-b2r','R.Balasubramanian','(Bala)','Effective Trainer and consultant - Banking and T24 related',NULL,'http://m3.licdn.com/mpr/mprx/0_hW3LFOxcCHvsQsYchw_nFgDJGIlcQsmcCIzsFyjeja5FMOMBu7AdWpWQ25AHLg7R3EiRHR7GK-fw'),('CJwg7-KLkw','Xiao','Lu','Owner of The Watchman‘s Farm',NULL,''),('CKMfgiNXxm','Sowmya','Kolluri','Manager, Consumer & Market Knowledge at Procter & Gamble',NULL,''),('Cl1d-ReftW','Shyam','Balasubramanian','Journalist',NULL,''),('cM7P-t2IZz','Vamsi','Krishna','Research Associate at Nanyang Technological University',NULL,'http://m3.licdn.com/mpr/mprx/0_3Puunx-AB5FRr6ft7Bo1npkmvTlJK5Yt_tZ1npCaEk5d73W-Svy84y9hUfA61CxYhKmtMUy73Uwh'),('cneEUgTs3E','Victor','Jayakaran','President at SCOLIS Technologies',NULL,''),('CnNm1E0qPw','Dilip','Radhakrishnan','Project coach and Lead Architect at SAP AG - Value Prototyping Hub',NULL,'http://m3.licdn.com/mpr/mprx/0_sNXFMbkah8gT-Up7qlQ4MLb286W8OUS74PrZMLqyxigK30sf9tqIc58tmedxgyu_UB6JnCQWme4r'),('cooRaKYrER','Geir','Mork','Director of Integration Development at Norman ASA',NULL,'http://m3.licdn.com/mpr/mprx/0_gyqUoPz982_C7OELgZ1korQQuaqaSgsL0OhXorQnPIhOtJS5AsXBkK-ZC8NAasUdyx95LB4CYko7'),('CQbVzAiHbj','Peter','Brown','Consulting Director at Cognizant Consulting Limited',NULL,''),('CTCHgevEJ1','Elanchozhan','Parasuraman','JTC at temenos india pvt ltd',NULL,''),('cuGXAIN4Qp','Rajaneesh','Anantharaju','school of MAE, NTU Singapore',NULL,'http://m3.licdn.com/mpr/mprx/0_0hOv4t7yd_CuNI48gTmE4Ad0wQN29DW8gFoo4AdiNh8pdWYhP6aMnlgD5wq1voeuOipwcncnjJ4W'),('cvsmPLt3Oe','Suresh Anand','Sadananthan','Research Fellow at Singapore Institute for Clinical Sciences (SICS), A*STAR, Singapore',NULL,'http://m3.licdn.com/mpr/mprx/0_Ow-uHBwLt2tmbBOoO71xHqpJruLG5lOoyu61HqVLfWA-szdEtSG8QNmIOG5j6n060ertFPHI1Ljt'),('cXhq06dspX','Bala','MK','DSP Design Engineer at Analog Devices',NULL,''),('Cylf8HqWRd','Vaishnavi','Logachari','Application Consultant at NCS Group',NULL,'http://m3.licdn.com/mpr/mprx/0_r9mLMnBjkThA-u77KlOsMqTrX65lrEa7tAssMzKfRilTfaJfyrYdcvX3oeLmPSf_AzuRntaTx9Ql'),('d3vEJPxdTD','Freddy','Tan','Chairman at (ISC)2 Board',NULL,'http://m3.licdn.com/mpr/mprx/0_uBxCSy50v48L1C86GPmjS09xcRv6PC36aKwjS0v_HOT9u69Qhl7mix3SJvzJr5hoSNgyCZF6H6Cg'),('d4nu2jkekc','Sze Jia','Huang','Account Executive at Gartner',NULL,'http://m3.licdn.com/mpr/mprx/0_oivHPfdD3lILRYh1oFNcPud83rOIUYr1eTTBPuIrOnoRkVFPQL5Xj2xOfjYq4MA0IhB9yIMVYaPD'),('d4w-niyN6r','Yevgeniy','Kim','Graduate Student (Information Systems) at Nanyang Technological University',NULL,'http://m3.licdn.com/mpr/mprx/0_2AaKEU9psDTb-XJHul0_E45yVH6w-beHmPVfEJ6uLm-UDixe8cOyXMtCqLQNl8WXD-2m5Y4OQ92q'),('d515Rdwee5','Pavan','Yara','Consultant at Eucalyptus Systems Inc.',NULL,'http://m3.licdn.com/mpr/mprx/0_UZgaG69BBZIDGCTVzyRlG5zvc07CC3rVJVWlG5BFHVUtg5FscYSGuLidJlfg36A9sUxrDGW_tik8'),('d7YvLZuJ3h','Vandhana','Ravi','Research Analyst at frost & sullivan',NULL,'http://m3.licdn.com/mpr/mprx/0_izp7YYi3UArM1k-3iAsyYjKjBKcnACP33lHrYjtTe9iQa6kT712_rg67MgBWt5tDG9Olls2FSfG-'),('DADQL-3oPl','Chiradeep','Gupta','Global Media innovation Manager at Unilever',NULL,'http://m3.licdn.com/mpr/mprx/0_upscWJ6ILdBo22wdmsUHWscNdoXou7wdajmeWsLq9frVPIyWhVERFVlVFkkzfeELS0ZdQjRkhgok'),('DFTdHlE5J2','Bharadhwaj','Narayanan','Data Insights Analyst at Yahoo!',NULL,'http://m3.licdn.com/mpr/mprx/0_MC0ebCSpefVaNEjnJTgUb3I0kDYDqfjnRhIcb3whUHEjIwo9zkfkdT0aE_O-BHpsZTjneQMbWOiR'),('DfY144QOg4','Shiva Shankar','Jeevanantham','Business Consultant at Mahindra Satyam',NULL,'http://m3.licdn.com/mpr/mprx/0_uMN4tOvF2v96a06AaUXbtyFHmKlQ2y9Amj8btyNzl95n143lhxkqpphR8gAM7UcjSsn6gREHMJhv'),('dLVIZHNvPn','Ravi','Viswanathan','Senior Software Engineer at Google',NULL,''),('DM25ByJhDw','Vijay','Ramakrishnan','Senior Manager at PricewaterhouseCoopers',NULL,'http://m3.licdn.com/mpr/mprx/0_ncgMlQt-WBe1-eNpNl0QlLvTwA7rtDzpqrW6lLP3NBUhSWGyVASv05Ff5pffAoqrBqxbYC3RhcUP'),('DMgmvBYpSz','Amiya','Patanaik','PhD candidate - School of Computer Engineering at Nanyang Technological University',NULL,'http://m3.licdn.com/mpr/mprx/0_iWKW8p0khjcUky1qTdT98YYNGOKnQ01qTIk98YYXjRkQMUXN7785aOoo2KrWL4-4GEtB7J8mLfuK'),('Dom39CuNg_','Venki','Padmanabhan','Chief Executive Officer at Royal Enfield, A Division of Eicher Motors Limited',NULL,'http://m3.licdn.com/mpr/mprx/0_y9lKklQ0re6D-lMBOK8fk-ctpErhKlHBOc5fk1zCi7Xr7z0crrTyoPTu-XK01ndUgzPmwNwCsjlt'),('DrOgplMnhO','Vallimangai','Ramaselvam','--',NULL,''),('DsapxfqPI1','shabeer','rasheed','Principal Engineer at HMicro',NULL,''),('dt0GpgHCI2','Doug','Kester','Talent Sourcing, Employment Marketing, Talent Branding, Ideation',NULL,'http://m3.licdn.com/mpr/mprx/0_xrBNYA6S3vtuORBT0-QIYtbTDznSyjbTjt_IYtQt-PCg_MK319bZr--yi49t0VQSY1vElzNQn4_N'),('dTi9XLCS_a','Viswanathan','K.R.','Director at KRV Associates',NULL,''),('dVDj2VS1FQ','Vittal','Premachandran','Researcher at Nanyang Technological University',NULL,'http://m3.licdn.com/mpr/mprx/0_4dB698odhk4Dd4mPn2NM9GJIhb0CIgfPsa_M9GRc03ItqJ41NfboZC7JaExgesaxJov4J5djBr0p'),('DVUKCIEVRN','Govindarajan','Sridharan','Systems Engineer |  SysEng (S) Pte Ltd',NULL,'http://m3.licdn.com/mpr/mprx/0_8LXTPsZpKn5QR-rxa3zOPJSCKv_nUBhxGGrOPJYy7KBQk1c02iqSjMotYRiW4K3PT66xyY2w2qTq'),('DwMXtD1L_U','Sivasundaraganesh','V V','at ST Electronics (Satellite Systems)',NULL,'http://m3.licdn.com/mpr/mprx/0_LNotM737cLYQyFoi5zIDMDT2R6ZnYkwib9ODMD-gXiuQThy_WtVYcSQPze4Wj_EfXBHunEuQITl8'),('dX4TJ7WJ6w','Krishnan','S. P. T.','Senior Research Engineer at Institute for Infocomm Research',NULL,'http://m3.licdn.com/mpr/mprx/0_9r8JGG10mRVyr0XnnlhQG83tayOgKJqnNtNQG88aAMoS7gi9s9Kzuhqhh-YC1Ozsc1CFDFYMq2Pw'),('DXbkw7KhtH','Alexandre','Gravier','Computer Scientist',NULL,'http://m3.licdn.com/mpr/mprx/0_txz5slLXCCK0myYGrgXns1AkGXn020fGrY3Vs-Cvj3Cf1U4COMLWqt9U2E9h74aaPycUvvr1x6Y6'),('DypxYuZ88M','Rajiv','Sharma','Senior Engineer at MKTeknology Pvt Ltd',NULL,''),('E5zsHdu_zL','Pravin','Kakar','Systems Engineer at Graymatics, Inc.',NULL,'http://m3.licdn.com/mpr/mprx/0_hW3LF02VaEvUQ00cGS-VFyseGelcQsmcCIzsFyjeja5FMOMBu7AdWpWQ25AHLg7R3EiRHRixvpDw'),('e9zGV-TBdU','Shrinivas','Ramani','Versatile software engineer & tech enthusiast',NULL,'http://m3.licdn.com/mpr/mprx/0_LQ5Wc2uyTGHMJZYlb3Cnc7u8TCy9UZ0lbbl9cm0pYbe6kpHAW8v5Maw-72pd4xOgX5bB4dDwJaQK'),('EaNGbeXwap','William','Benjamin','Research Assistant at Purdue University',NULL,'http://m3.licdn.com/mpr/mprx/0_3rnHNj37mCbzYyglTBqRNYCfC8rMy0pliNCBNxi-g6XW_UIAS9QXV0BpuSKQ04jgh1N9U4lOs_Xa'),('EcG9jbC9IS','Ananya','V','Process Engineer at ST Microelectronics',NULL,'http://m3.licdn.com/mpr/mprx/0_CHQ4YJg5m9iqLs6Dh7qFYU7Zm1FzdJ9DhdtbYUO4l91L9g3SaanqrRE98gboEOc3_Ik6lpug1nQ_'),('eDmyxpuRb5','Ajay Bharathi','Gurumoorthi','Business Analyst at Tata Consultancy Services',NULL,'http://m3.licdn.com/mpr/mprx/0_mLnj-OxCxN9FU9BK23qG-gUm0KtLRPBK2XCC-gZlhvQzXc8rGiQAyj2xAO-VZNny76NijVQkOW1E'),('Efl6yd0a_L','Gilbert','Justin Jose','Senior R&D Engineer at NTU',NULL,'http://m3.licdn.com/mpr/mprx/0_4dB698ZQhCEGFO0PVWkM9GI6hX0CIgfPsa_M9GRc03ItqJ41NfboZC7JaExgesaxJov4J55AL5Dp'),('ElSewJbcJ9','Dr. Ananya','Upadhyaya','Sr. Consultant at Wipro Consulting',NULL,'http://m3.licdn.com/mpr/mprx/0_upscW4NNLEBFmWVdm44kWUFHdoXou7wdaRmeWsLq9frVPIyWhVERFVlVFkkzfeELS0ZdQjRfdrgk'),('En3-R4F4zi','Prabhu','Kaliamoorthi','PhD Student & Research Scholar at Nanyang Technological University',NULL,'http://m3.licdn.com/mpr/mprx/0_KMzyHntd07ljhrHo-UB7Hq3Wxu5K2P4o-R3iHztv8Wl81cfEpxLKQv6UlGL77NJ6lscCFt2YBoDN'),('EPrVPozvfs','Christopher','Brown','Owner at Grand Computers and Networking',NULL,'http://m3.licdn.com/mpr/mprx/0_LNotM7PgM8SNY3Vi5zESM2r2R6ZnYkwib9ODMD-gXiuQThy_WtVYcSQPze4Wj_EfXBHunE8ebh-8'),('EpW34W_Y-O','Guhesh','Ramanathan','Chief Operating Officer at NS Raghavan Centre for Entrepreneurial Learning',NULL,'http://m3.licdn.com/mpr/mprx/0_459zxiJ7710C4YXiV8LQxTZGS9ZCsYXisFGExTR-t1ut5V1_N_6JA37p_Z4gJMLfJQqIK6WE6J0W'),('eWUQwO3FVd','Arul','Kumaran','Pragmatic / RESTful Web API Consultant',NULL,'http://m3.licdn.com/mpr/mprx/0_6X3m4aulr6obvnS8Q_6A4SOxt84czng8kLzA4ugmS52Fo-EhEGACn2d8yaZHnlyuFFiKcIfem0wn'),('Eylk6QnNQx','Priyaa','Nachimuthu','Software Development Engineer II at Microsoft Corporation',NULL,''),('eyqfYW98_O','Devarajan','Bhuthalingam','Electrical/Electronic Manufacturing Professional',NULL,'http://m3.licdn.com/mpr/mprx/0_Dr__gV_jAnGHpcC2SlCygMGjlN5WrNi27ABpgML7mllMfrquT9P71JlTxVLnPPGh21TgtOc2ge56'),('Ezn76p4syM','Jeff','Snyder','Security Recruiter Cyber Security Corporate Security Privacy Risk Management Compliance 28K+ Executive Leadership Coach',NULL,'http://m3.licdn.com/mpr/mprx/0_Z3_74X4gA37u9cOuVL1p4QMyl8e7qNxuV6Br4bW2m6yxIre2qFP_nFjGxSHKBPY8MGTlchcgZE_f'),('f9hl9Hq2Sg','Reynard','Ariakusuma','Ever-curious Programmer with A Twist of Humorous Nature',NULL,'http://m3.licdn.com/mpr/mprx/0_fo2QEpevkDPLEwfXSH0zExUV6wn6QHmXSD4JEYJHJmC9MuMk_2pEXOS6HL9JLf7HadaZ5JbG4wvJ'),('FbyUeLHjZJ','Senthil Kumar','S','Principal Engineer - Software Engineering at SMSC',NULL,''),('Ff006KV8tu','Bala','Sankar','Staff Engineer (Firmware Development) at LSI',NULL,'http://m3.licdn.com/mpr/mprx/0_fDcXEjVb8216H0DXSS9cEYoICHnoeyuXS7iUEYWcgDCVB4Uk_IFHXOjJuQ9zIUSHaazV5JU567X5'),('FGSjjlRxg4','Siva Naga lakshmi','K','CTS at Cognizant Technology Solutions',NULL,''),('fi7ljqba1H','Nanda Kumar','Chakravarthi','Senior Process Engineer at Micron Technology',NULL,'http://m3.licdn.com/mpr/mprx/0_Ow-uHBM5-e8m5laoYei0HqUzrfLG5lOoyd61HqVLfWA-szdEtSG8QNmIOG5j6n060ertFPevLgmt'),('FKassmSWOe','Shivakumar','Jayaraman','BroadSoft',NULL,''),('FlOB2V0uxP','Nandhini','Kalyan','Experienced Data Mapper/Data Analyst, Solution Architect, Knowledge in Teradata and Datawarehousing Concepts',NULL,''),('flwZLQLavL','Ashwin','Prabhu','Senior Product Manager, India Payments at Amazon',NULL,'http://m3.licdn.com/mpr/mprx/0_oLg_hdRgUMJdcFtJe3mphwJjB4aFc3iJeGWphER3ejVcH5qMQiS7mo7fMnm4N6GzI6xgfDWWHi14'),('FpCAwhPld6','Muthukumaran','Chandrasekaran','Business Intelligence and Data Management Intern at Synovus',NULL,'http://m3.licdn.com/mpr/mprx/0_cCVuhCY_9VHx4bizz8y0hh2D9OO0ZGtzz6a1hhaldZofbQ5vUko8m8sx41YhRLPJ9T4tfbyYgWgv'),('fpER9zwDUS','Deepak','Raghothaman','Stem cell biologist & Researcher in Regenerative medicine',NULL,'http://m3.licdn.com/mpr/mprx/0_xrBNYrbSDrPGOjBTgqnIYtc7DznSyjbTgN_IYtQt-PCg_MK319bZr--yi49t0VQSY1vElzZC249N'),('fPoobc-MaR','Samantha','Santhanam','Masters Student at Nanyang Technological University',NULL,'http://m3.licdn.com/mpr/mprx/0_fquK8j-0Ujve05Lqf9wi8Y6xM4KQ15kqDKZf8YqaQYkn23PN_-yyaO8hBzrMKC54acmm7JQOmJBQ'),('fUGbg3mCeO','Kavitha','P','Technical lead at Vividlogic Inc',NULL,''),('fULqcemESc','Leon G.','Vandenberg','Experienced Executive and Entrepreneur at Various Companies & Projects',NULL,'http://m3.licdn.com/mpr/mprx/0_Rm-zuCJvfjp7QRkkvw1EuhsvSUUfXjkkM26EuhHQtY70RMPXBeGJG8ye_zRrbV5eVSrI_bn4M1td'),('FV9GqncNTK','Prashant','Periwal','Research Intern at Advanced Digital Sciences Center (ADSC)',NULL,'http://m3.licdn.com/mpr/mprx/0_B1FpR_Ag0iaxx9e3JNv_R3GixCUYj9J3zq1_Rh3j8b7mGtaTRzcrv8v1l2RTYA4DnrLGqbxit4Le'),('fVw4p9tmQW','Raman','Sundaram','Critical Accounts Program manager at Avaya',NULL,'http://m3.licdn.com/mpr/mprx/0_C-W9UU5iebrngwJ2Gts5U457oFLJxHd2hzgWU4GxzTAd8uOuaqMVzZnlXo56pfHh_AwHNxyD63mc'),('fzf4fZRQrs','Victor','Jayakaran','President at SCM Microsystems',NULL,''),('g00ZrSK3oe','Darshan Selvam','CEH, ISO 27001 Lead Auditor, ITIL ,MCSA','Information Security Consultant',NULL,'http://m3.licdn.com/mpr/mprx/0_UciCe3c0-m2Cr12bMKrle_b2tdVG-zSbMPcje_92S7a-DlsFcA1m6iCGyXsjl-uwsq3ybXHS9gQL'),('G3fdxjK7oX','Srivatsa','Voruganti','Systems Engineer at Tata Consultancy Services',NULL,'http://m3.licdn.com/mpr/mprx/0_rmBXqKSQ_C5jEZSrYwkcq-aI3LPjej2rt7_Uq1ScOhbDBMRKyebHsPJJfw1GIVDpASvVRNPlYJiU'),('G3PDoBhhgB','Marcel','Oedi','Head of Online Marketing Zalando Lounge at Zalando GmbH',NULL,'http://m3.licdn.com/mpr/mprx/0_aR5MUJLHSThQmjeu2JzEUsbwSCkXaZJuupl6UU9VtbKqApa2CjvvzRCq_2XRSx48f4bbNpXE9cCJ'),('gB0qw0hVp0','Balasubramanian','K','at HCL Technologies',NULL,''),('gc7GpLtUbc','Minh Chau','Hoang','Student at Nanyang Technological University',NULL,''),('GcII8lL7uu','Joseph','Tan','Experienced Sales in Semicon, Display Products.',NULL,'http://m3.licdn.com/mpr/mprx/0_Ol4nOBhmev_u0wq2O9EWOqqCozLaxSX2pz2dOq61zPAO8d1utBHsKNtjX45ApELh0tVeAPNjdyMJ'),('GDgIEXhbfu','Girish','Subramanian','SDE',NULL,'http://m3.licdn.com/mpr/mprx/0_GoniwOgwrfTVeK0QhuBywgDe-INqE1mQ8DCywgyqDa8XvBM6m2QfLjHVp5qIdq7EidNjkVGmrNZ_'),('gE1aFNQEmu','Manoj','Manoharan','Snr Group Finance Manager at AMV BBDO',NULL,''),('GK9tngANfj','Balaraman','Kunduvara','Co-founder, Inventys Technologies Pte. Ltd',NULL,''),('gl7Qh0QHTL','Ravi','challa','ENGINEER - COSTING  at Sungwoo Gestamp Hitech Limited',NULL,''),('gNvd6L_AWr','Sundeep','Sanghavi','Co-founder & CEO at DataRPM',NULL,'http://m3.licdn.com/mpr/mprx/0_2bYEOgJlFPbEBoGhmCgvO0o_5Kvbv2-hmQEzO0VisvTBEeL88TmQKxmDwOzZ9I12DkyNAZeGYrdk'),('gOdVTfae1a','Hariharan','Kumar','Technical Program Manager',NULL,'http://m3.licdn.com/mpr/mprx/0_5KCgsmPO13dR19RCLAGCs21g0GRUl9sCF-nGsD8uhFfwmtSGdntlqSqCAuUk-AUmkP8_vEtAS5_V'),('GoKZo3ROWs','Kasthuri','Annamalai','Applications Engineer at Texas Instruments',NULL,''),('gQ4GwtQq7a','Kasturirangan','Sricharan','Project Manager at Nokia Siemens Networks',NULL,'http://m3.licdn.com/mpr/mprx/0_dCvykI42OWRF4BWUw8Q_ked7pfuE4-4Uw5TikeHriWZsFnfR5k5KoHyO-G2vUzJBHTBCwf9TdEMN'),('gQuGcBmfw4','Muthuganesh','Padalinathan','Senior Consultant - ERP at Cognizant Technology Solutions',NULL,'http://m3.licdn.com/mpr/mprx/0__by8vxxtziXvJha13hO0vjugv6tBz_a13Qe0vjpGEiQboFJPfTuuRge2Ue-enkf0CkYYssalHm5S'),('gt6vqvP2Qs','Herman','Stevens','Executive director at Astyran Pte Ltd',NULL,'http://m3.licdn.com/mpr/mprx/0_mLnj-O0lxPNWcrBKaF5m-yJD0KtLRPBK2GCC-gZlhvQzXc8rGiQAyj2xAO-VZNny76NijVQoPFQE'),('Gtn9Bbxx09','Karthik','Chandrasekaran','Manager at GLOBALFOUNDRIES',NULL,'http://m3.licdn.com/mpr/mprx/0_CHQ4YJDFCth9wsBD8mXwYs0om1FzdJ9DhftbYUO4l91L9g3SaanqrRE98gboEOc3_Ik6lp8_bXk_'),('GtW7y7H1fV','Raman','Bhadhri Prasad','Senior Engineer at ST Electronics (Satellite Systems) Pte Ltd',NULL,'http://m3.licdn.com/mpr/mprx/0_ByD7X6t99oV0_QxVvRopX58nqu7O3QxVv4JrX58IIoUaOGesRsj_ELqLVTf3CTY9nxflIGOqqtZ5'),('guwZNiilWZ','Keng Wah','Wong','MBA, CISSP-ISSAP, ISSMP, CISA, CISM, GCIH, GCFA, GREM, ITIL & ISO/IEC 27001',NULL,'http://m3.licdn.com/mpr/mprx/0_gnYATczAJOrfAhcVxNaaTNqxJZ_GlhFVxqEmTvn86OB-mkrsAKmjfzGmcvij-F69yvyfm-eQqeRC'),('gwVVoevdwG','Ramkumar','C','Manager at Bally Technologies',NULL,''),('H-DtMiuh5r','Sean','Connolly','3D Research & Production. Integrating User Experience Concepts & Methods into Media Production & Narrative Development.',NULL,'http://m3.licdn.com/mpr/mprx/0_OMZdSB5FkyGThftoKgUVSqQkXjLC2utoyRunSqczR4At1H5EtxeLiN_RoP5g7wP60sscCPLiCGsz'),('H5HZUQPOnQ','Pannir Selvam','Elamvazhuthi','Engineering Group Manager at Delphi',NULL,'http://m3.licdn.com/mpr/mprx/0_upscWJ5FIutH22oda4geWsLWdoXou7wdajmeWsLq9frVPIyWhVERFVlVFkkzfeELS0ZdQjUd0UHk'),('hcnF02unWc','Vivek','Sivaram','Manager - Global Alliances at TimesofMoney',NULL,'http://m3.licdn.com/mpr/mprx/0_OYjMBB9UeTvTGddpKsSoBzBVH3imCuJppVd6BqbFcbcYgHaytZDvJN1d62_l3w4r0g0bZPvwJ0_0'),('hdeNJ9_36_','SHANKAR','KRISHNAMURTHY','Founder at TEDxNTU',NULL,'http://m3.licdn.com/mpr/mprx/0_4dB69TMLGFMuI4mP4mFz9GVehb0CIgfPsw_M9GRc03ItqJ41NfboZC7JaExgesaxJov4J5dphoEp'),('HGtKmsIjhu','Deepak','Mohan','Furthering Useful Technologies',NULL,'http://m3.licdn.com/mpr/mprx/0_UciCe3burexGOzpbz1rje_6ptdVG-zSbJ9cje_92S7a-DlsFcA1m6iCGyXsjl-uwsq3ybXHDf4QL'),('hLIjVjSqKk','Charanya','Anand','Financial Services Professional',NULL,'http://m3.licdn.com/mpr/mprx/0_UBEYuF57sRZ21LFHMrWTu5LTZgoG0LcHJzY3u59ObZO-hTheclstGLCrn1EjyG9XsNe8_GkccK4b'),('hlM1T0knz5','Satyavathi','Madavane','Head- Engineering Project Management-SCMM',NULL,'http://m3.licdn.com/mpr/mprx/0_FJCU17rMiKmcTpbtLZPH12tUfPgzTV9t5OnX12tErnWLYY3-w0tBgu6k3jjoGjcY6V85pwuCvFh7'),('hMfHBm4dtn','Anil','Rathi','Valuation Specialist',NULL,'http://m3.licdn.com/mpr/mprx/0_2AaKEUFYsm8eKbJH2-Y_EJqrVw6w-beHm9VfEJ6uLm-UDixe8cOyXMtCqLQNl8WXD-2m5YNVYbxq'),('HMJ3jPAv5o','Sujit Kumar','Sahoo','Project Officer at Nanyang Technological University',NULL,'http://m3.licdn.com/mpr/mprx/0__NWrbZCisHrvyXes3BZ7bVPuVeCcOXds3vg7bRlpLSnF38OVftMpdUL-q6GHgiHnCBwaeyimHaN0'),('hpyUqozQ1x','Karthic','Nagarajan','Quality Engineer at Thales',NULL,'http://m3.licdn.com/mpr/mprx/0_UiHHf6WaLsMmJDrHU3mRfkdDFpomUIrHMbpBf5Iy4sOYk7FecL4XTLxtdAEl42AXsho9hGMtf7Xl'),('Hq9-3cDOi3','ARUN','KUMAR','Research Associate at INFINITUS@RTP',NULL,'http://m3.licdn.com/mpr/mprx/0_upscWJneducLaWod2UHkWUz5doXou7wdaYmeWsLq9frVPIyWhVERFVlVFkkzfeELS0ZdQjUHKP2k'),('htgJ9uzvgv','Lixin','Duan','Researcher at SAP',NULL,'http://m3.licdn.com/mpr/mprx/0_R2NuP6aol1gi6rGxUa-PPkw6PP77or-xMm81P5dzuzUxzNL0Bok8jLgRgYfKWc1PVfntyGc7pAtw'),('HvrfJ8r-av','Karthik Ramaswamy','Padmanabhan','Graduate Student at Purdue University',NULL,'http://m3.licdn.com/mpr/mprx/0_2AaKEs9gVmTUKXeHazmfEJbrVH6w-beHavVfEJ6uLm-UDixe8cOyXMtCqLQNl8WXD-2m5YZ78YWq'),('hWqCjXOmOx','Harish','Chandran','Googler',NULL,'http://m3.licdn.com/mpr/mprx/0_Dv0vDV9AE0rdrELw7-SEDZbpHR6LrfLw7tIoDMN_cg-zfw-ITPfM_JhS69QVPHXb2njwGO6M0jiV'),('HyZnM1V7Io','Bharath','Venkatesan','Sr. Principal SW Engineer at Avid Technology',NULL,''),('I0tj77RQ8E','#Neeraj','Jain#','Research at Nanyang Technological University',NULL,''),('i1zVVdo5aP','palanivelu','sureshkumar','dr at velammal engineering college',NULL,''),('i653-aD8EH','Arunkumar','Thirunavukkarasu','SAP Test Lead - Forecast to Stock at Univar',NULL,''),('i88EXGV614','Sathish','Thiruvengadam','Research Engineer at IBM T.J Watson Research Center',NULL,'http://m3.licdn.com/mpr/mprx/0_hqAXN0P1GF6FlySAmPrcNycjCLlc1y2AC1LUNylCgh5F24Rlu-3HVpLuuwAHKUDj3c1VUR7ZakyU'),('icihnwMAV5','Raj','Gupta','Software Engineer at Graymatics, Inc',NULL,'http://m3.licdn.com/mpr/mprx/0_8LXTPsu2KBXUM-TxGknOP4muK9_nUBhxGXrOPJYy7KBQk1c02iqSjMotYRiW4K3PT66xyY2NEDGq'),('IcvOM-Vn7d','Ravi Krishnan','MuthuKrishnan','Software Engineer at IBM Security Systems Division',NULL,'http://m3.licdn.com/mpr/mprx/0_m8msvUmKWQnHzWMxmFH5v4dKW_iWBo4x2bsLv4dunLcMemf0GQYnRZgCbm_nqDJP7_uksxU0LEli'),('Ie0SAxNQyn','Ramya','Sahasranaman',' Executive Assistant to the Managing Director at MindCraft Software Pvt. Ltd.',NULL,'http://m3.licdn.com/mpr/mprx/0_459zxGJfSlfiVYXisXz6xTyGS9ZCsYXisFGExTR-t1ut5V1_N_6JA37p_Z4gJMLfJQqIK65HLQsW'),('Ie63j4GEkl','Shyam Sundar','Tellore','R&D',NULL,''),('ig_iMym359','Rong Hwa','Chong','Anti-Malware Team Lead',NULL,'http://m3.licdn.com/mpr/mprx/0_T_Ic9xDGwkNB4oE1_TUe9jjidX-ZsoI1_F0e9pDY9C6e5mpPD5RRZyMKFdtbJDo088ddJUxlaagy'),('iI7MfArhRJ','VISHWESH','DIKSHIT','PhD at Nanyang Technological University',NULL,'http://m3.licdn.com/mpr/mprx/0_jbmxXt4tZ7c8v8MnPCO8XAH04f-_vQMnxQshXrMfFo6PEGm9lTYPEKD39Tty9TZspkuTIBbJAKvh'),('iQp8qZgudD','Krishnakumar','Balakrishnan','Project Lead at Farmers Insurance',NULL,''),('ITbcY_4ye3','Thomas','Hallewell','Information Security Professional',NULL,'http://m3.licdn.com/mpr/mprx/0_NArAm8GryYjtKq6bVq1amiPKyJsxt-bbnvXmmG_T_xm7SnKF4chjhCc7tqV8AzQwv--fT5j2crHL'),('ITny7b0LHE','Abhinav','Ramaseshan','Technical Consultant',NULL,'http://m3.licdn.com/mpr/mprx/0_izp7YYNyc9rZj3P3TturYpGYB1cnACP3TqHrYjtTe9iQa6kT712_rg67MgBWt5tDG9Ollshm5Ov-'),('ITvsLk5RpE','Narendar','Madhavan','Intern at EADS Innovation Works',NULL,''),('iv-W7FtT6_','Sanket','Shah','Research Engineer',NULL,'http://m3.licdn.com/mpr/mprx/0_-OwaAqtov-PASk8jrVslAntEct3YfFKjKyxlABTZHBzmr_bgY4UGxcznJpTTuhlA1jWrOrxTrfA7'),('iWfc0IaFsg','Bharadwaj','Srivatsan','--',NULL,'http://m3.licdn.com/mpr/mprx/0_9fXpR82HOLxDWldT9Ii7RiSWpCVjwBJTNHr_RiDsibaDN1a3sdqrv_MN-2sGHK4Sc26Gqk0usVve'),('IxKd0ZEyH7','Kaushik','Sunder','PhD Student researching in 3D Audio',NULL,'http://m3.licdn.com/mpr/mprx/0_Fl0jZW1yMkOvAhUDbr7mZIT0JiwMP_UDLzICZo__65xWuFuSwBfA9EcScaIQrks36tjiBSlQSpkm'),('Ix_nxUBGqJ','Murali Krishnaa','Mudambi','Marketing Major @ Great Lakes Institute of Management',NULL,'http://m3.licdn.com/mpr/mprx/0_fsPnURqq28tnT4d27MtdUMQ62kL6TOe2S4bdUZz61GA9Ysxu_y_sz4THGW5JGJWhaMleN0IoYKeg'),('J-0ez9qp0R','Vignesh Kumar','@ Vadivel','Principal Lead-Product Engineering and Industrialization',NULL,'http://m3.licdn.com/mpr/mprx/0_8GEYKyeDVPFNJ8Q-CFWDK0HmZlrsJLc-GiY3K0aObNXE6Tht2XstOxsrn0K5sG9OT3e8xZpz-X21'),('j776ErrFZU','Surendra','Mohan','Technical Lead - Cyber Security at Honeywell',NULL,''),('j9W54e4YAg','Dinesh Kumar','Srinivasan','Brand Manager - Santoor at Wipro Consumer Care and Lighting',NULL,'http://m3.licdn.com/mpr/mprx/0_9NypJiTKMTaTt54CNna_J8PpMhUAt_MCqre_J8lTQQ73SFmGsturBhL7BDRaAkZmcBYG9Ff2eiDA'),('jbbSx07FkV','Byju','Chacko','Lecturer at ITE College Central',NULL,''),('jCnkLwVvvc','Kumar','Sachidanandam','Director - Innovation Group at Cognizant Technology Solutions',NULL,'http://m3.licdn.com/mpr/mprx/0_ncgMlbtYw-JxYmzp4lu6lL_Awt7rtDzpqvW6lLP3NBUhSWGyVASv05Ff5pffAoqrBqxbYC3PmnwP'),('jgX8tlMNRx','Tijo','Thayil','Advance Technologist at Rolls-Royce Singapore Pte Ltd',NULL,''),('jjF6V8g1Tb','Dhara','Shah','Broadcast Media Professional and Student of International Relations',NULL,'http://m3.licdn.com/mpr/mprx/0_ZgfI5GbNLuJm37gzVYS45TXZL7Y7_WgzsJRN5T5WVdExyDEvqU0FI3AbICOKhmyJMYDzE6BsmW7Z'),('JJsP4bbA2X','Suriaprakash','M','Principal Engineer - Software at Standard Microsystems India Pvt. Ltd.',NULL,''),('Jj__ApizkK','Nuttanart','Pornprasitsakul','Programmer',NULL,'http://m3.licdn.com/mpr/mprx/0_U-ft0kqYZl7G1i6mJNpD069tZ9wmPLbmJ1RD06b7b1xYuTKacq0YlQ1TnZIlrGQCsADurTzBvY16'),('jKfl8d1xlQ','Marie Claire','Royeras','Senior Web Developer at ShowNearby PTE LD',NULL,''),('jkqAz2_qrs','MS SRINIVASA','SRIRAJ','Business Process Excellence (PEX)',NULL,'http://m3.licdn.com/mpr/mprx/0_rmBXql2ITC5SHjgrrdFcq12E3QPjej2r-o_Uq1ScOhbDBMRKyebHsPJJfw1GIVDpASvVRNxjKaKU'),('JnyuSfhS48','lakshmi','vellayappan','Information Technology and Services Professional',NULL,''),('JPRtVZh3br','Manvi','Agrawal','PhD student at Nanyang Technological University',NULL,'http://m3.licdn.com/mpr/mprx/0_vf7Lf3mBbUDDwI-XBWD9fCuEbMsjbeGXcSUsfCDoZ0mDZ2zkJdxdTGMXWNVGX7iHN2SRhL0LadOH'),('JQ75ppKSOC','Ramin','Anushiravani','Undergraduate Research Assistant at beckman institute',NULL,'http://m3.licdn.com/mpr/mprx/0_EBP1Xa91x2H6lcHner3uXSXigdO6PtHnHKbuXuv_C7o9u9096l_0E23SPXYJrvdswNlDIIbMY45j'),('JRiUyveUVa','Piyushkumar','Mundra','Research Fellow at Nanyang Technological University',NULL,'http://m3.licdn.com/mpr/mprx/0_U-ft05B74BYulQ9mzcxD06qxZvwmPLbmJ1RD06b7b1xYuTKacq0YlQ1TnZIlrGQCsADurTMzYkC6'),('jRs72BSeGo','Avinash','Katamreddy','Software Intern at ARM Holdings',NULL,'http://m3.licdn.com/mpr/mprx/0_7bH7EYUGUmGkJCmkD_JpEpwxBScbMF0kD8prEjV0eIiBQ_HXiT4_XgmAM8BZVhOemkol5skX6ulk'),('jS9MkT3qE9','Sripriya (Priya)','Vijayaraghavan','HR and Payroll Specialist',NULL,'http://m3.licdn.com/mpr/mprx/0_U-ft059t4zpaAQbmRP2T0FLKZvwmPLbmMzRD06b7b1xYuTKacq0YlQ1TnZIlrGQCsADurTzpjxK6'),('jTQdtDouLA','Seshadri','Gopalakrishnan','Structural Engineer at ABS Consulting Inc.',NULL,'http://m3.licdn.com/mpr/mprx/0_5R4EH78kXmxMmH7QLgsMHD966uZBaSOQFM2zHDrnJWubAdd6djHQQSkZHG4eSE0Ek4VNFEGSgFxw'),('jVdn_Ghigu','Hisham','Cholakkal','PhD Scholar at Nanyang Technological University',NULL,''),('JXRMv1judq','Muthuvenkatachalam','S','Engineering Manager',NULL,'http://m3.licdn.com/mpr/mprx/0_D5pUSRUAoUt69acoDbfHSZRYEY5Lnano7kHXSMZGvUlzWETET_2BiJ22krLVzdB62QO5COQTAg9s'),('jYN-5-7Qyo','Sundaresan','K, PMP','Citibank - Retail Banking',NULL,'http://m3.licdn.com/mpr/mprx/0_oivHPa4aT1uWUZl1oknRPSET3POIUYr1eTTBPuIrOnoRkVFPQL5Xj2xOfjYq4MA0IhB9yIz-oAbD'),('J_tYrZQ1ri','Amrith','Dhananjayan','PhD Student at Nanyang Technological University',NULL,'http://m3.licdn.com/mpr/mprx/0_4dB69TH5h3STWgmPZ7NJ9GpdhX0CIgfPsa_M9GRc03ItqJ41NfboZC7JaExgesaxJov4J5WBYSJp'),('k1oh6xaOL_','Shankar','Muthuveeru','Partner at creamworld',NULL,''),('k3sbrTz87O','Changjin','Lee','Consultant, Experiential Technopreneur',NULL,'http://m3.licdn.com/mpr/mprx/0_C-W9Us3uo8rcxae2hrE5UJhioFLJxHd28ngWU4GxzTAd8uOuaqMVzZnlXo56pfHh_AwHNxpqExuc'),('K6gFSgWqDE','Shantanu','Shukla','Associate(Global Markets)  at State Bank of India',NULL,'http://m3.licdn.com/mpr/mprx/0_XGm9LHgOdfEMMWWZkk7dLw2PWWDZvoWZQ8sWLwSfnuJeEmY4eXYVwIJ3bFSb9DeNL3uHo20narrC'),('KbV848la-E','Saravanan','S','Program Manager(Oracle) at Mannai Corporation',NULL,'http://m3.licdn.com/mpr/mprx/0_ByD7X6lqqWZr3Q7VzYSrX5Q9qf7O3QxVzgJrX58IIoUaOGesRsj_ELqLVTf3CTY9nxflIGY0lZu5'),('kEEDWIvJSj','Lakshmanan','Perichiappan','Senior Technical Lead @ Wipro Technologies on Mobile Space',NULL,'http://m3.licdn.com/mpr/mprx/0_527SxeO9ql2MkXTfLwYYxIwRnPeU6XrfFIU-xIuWWnywJ8F7doxTAw4bZjHk5iAikfSPKu-3PmzQ'),('KhAPbU6heq','Ravi Kumar','K','Project officer at Nanyang Technological University',NULL,''),('kHR4_cZ5p5','Naveen','Swami','Cashier at CVS Caremark Corporation',NULL,''),('kivw4mOr3d','Victor','Jayakaran','--',NULL,''),('kLaGQKJy-R','Indumathi','I','Project Leader at SCM Microsystems',NULL,''),('Kn5r-tW-mZ','Sri Krishna','Bhiman','SAP Consultant at Computer Sciences Corporation',NULL,'http://m3.licdn.com/mpr/mprx/0_U-ft0k6fZ-2a18BmM9g306QrZvwmPLbmMKRD06b7b1xYuTKacq0YlQ1TnZIlrGQCsADurTJLOaC6'),('KO4V0zRyrN','Anand','Ganapathy','ME Design Engineer at Flextronics Design Asia Pte Ltd',NULL,'http://m3.licdn.com/mpr/mprx/0_cCVuh_YC9VJKZTizcQE0h3gl9gO0ZGtzv5a1hhaldZofbQ5vUko8m8sx41YhRLPJ9T4tfbpnLpSv'),('KpeMLAKYsv','Govindaraju,','Amitha','AH',NULL,''),('kq1MZ3RfXg','Suchitra','Sathyanarayana','PhD Candidate at Nanyang Technological University',NULL,'http://m3.licdn.com/mpr/mprx/0_vtozj__jw1OOpez3B1E6j38fwcRjYek3cvOEj3TgN-fDT2PTJNVJPTzP5MUGj75DNlHI-QP9vFty'),('KQEvMiqlIV','Sunita','Chandrasekaran','Research Scientist at University of Houston',NULL,''),('kqIbk8CnAF','Fernando','Martin Santana','CTO at TheSharingEngine',NULL,'http://m3.licdn.com/mpr/mprx/0_5fq3TomwtgEUwB8V5IQtTWp5KZfRwl3VbwhYTeDn7ORINz9sddXDfHMZYv7XHnh9k290mf0WnO7T'),('KTSqQM5kR2','Aneesh','Bhatnagar','Senior Product Management & Marketing Professional Experienced in Enterprise, Desktop, Web & Mobile Software Products',NULL,'http://m3.licdn.com/mpr/mprx/0_UBEYu6BfsYg-08QHJtH3u59CZOoG0LcHM1Y3u59ObZO-hTheclstGLCrn1EjyG9XsNe8_GHe5HHb'),('kxXwVqLmtJ','Narasimhan','K','Manager - Software at Identive Group',NULL,'http://m3.licdn.com/mpr/mprx/0_oCf8SHVpByDLN6tEHXa1Sw4pvRHIq5CEe_R0SEw2EOpRI3voQk0uio0GUveqBC_QITDYCDMfHB-m'),('kznBIOjwTc','Rajkumar','Chandrasekaran','Project Engineer at CSETranstel Pte Ltd',NULL,'http://m3.licdn.com/mpr/mprx/0_hW3LFOOnhS9BXJfcmu_VFg2UGelcQsmcCIzsFyjeja5FMOMBu7AdWpWQ25AHLg7R3EiRHR_mHpdw'),('K_Jpn6sYDf','Dr.S.Ramanathan','subrahmanya','--',NULL,''),('L4yVW5e6uE','Ashwin','Nanjappa','Graduate student',NULL,'http://m3.licdn.com/mpr/mprx/0_DBwsjZc3ol-kjHLDfrDdjRL3otb50wND7nxLjVvYzqPvhf_STlUnPs3KXxFsyuv32NWk-gIFDggO'),('l5gD1taWSd','Weng Seng','Tam','in CSC, Australia, helping to keep IT safe.',NULL,'http://m3.licdn.com/mpr/mprx/0_uXLP60J8-eq6MKdzu6Bu6y47OH-QMzdzaiA26y4x3D6nQlOvhGzxepulrQtMV-HJSFFSdRQiBqb9'),('l7iUxnIjQp','Sudharsanan','Ramachandran','Senior Software Systems Engineer at Texas Instruments',NULL,'http://m3.licdn.com/mpr/mprx/0_ePvupfzGKv7Fpq1iH1L0pSkfrlZdp-tiotT1pSkPfNuJin5_Xv58tDrgO049xzPfWKBt1o9hA3Jb'),('L9LwCYCu99','Abhik','Banerjee','Chief Engineer at Samsung India Software Operations',NULL,''),('lA5bPPkDWc','Geoffrey','Fox','Professor at Indiana University',NULL,'http://m3.licdn.com/mpr/mprx/0_fXI2TZUOvUnwJ_1sf_W0TRMmvYCQJ61sSQ0PTR4YEUnn6CXV_GRhfUuKUrGMs3-naFd-my6l00N2'),('LbPBmNj4vs','Ishtapran','Sahoo','PhD candidate at Nanyang Technological University',NULL,'http://m3.licdn.com/mpr/mprx/0_UciCehzPrexmK1pbMl-Ae_K0tdVG-zSbJvcje_92S7a-DlsFcA1m6iCGyXsjl-uwsq3ybXkCR2QL'),('lBpfj7ZZ92','Damodhar','Bhat, PMP','Manager',NULL,'http://m3.licdn.com/mpr/mprx/0_LQ5Wc2Yp_QMqURmlbkcVcmD8TCy9UZ0lbbl9cm0pYbe6kpHAW8v5Maw-72pd4xOgX5bB4dSrXvFK'),('LcBgN0P_Ux','Mahesh','Ratnam','Business Development Engineer at BGR Energy Systems',NULL,''),('lDJJb8ZC8G','Ehsan','Shahrian Varnousfaderani','Research Scientist at Nanyang Technological University',NULL,'http://m3.licdn.com/mpr/mprx/0_rmBXqKpw365SeZSrrukRq1uX3QPjej2rt2_Uq1ScOhbDBMRKyebHsPJJfw1GIVDpASvVRNP493nU'),('LdRAp_wOLZ','Jerome','Athias','Strategic Security Consultant at McAfee',NULL,'http://m3.licdn.com/mpr/mprx/0_y_g-sndYJ3AC9CIa-QYTsqIxRX6un3EaOCWSszeCX3-yW5gmr5SOqvpuzEQPz6wGg8x2vtnttXLc'),('leVjb7ylUS','Subramanyam','V','PhD Research Scholar at Nanyang Technological University',NULL,''),('LGfcsGB6Mj','Baranidharan','M','Technical Manager at Spime Inc.',NULL,'http://m3.licdn.com/mpr/mprx/0_TLYPQpUxZICnzieqfh72Qxjr4HrNB8dqibE2Qxj8FDXkeXONDimxH0Wm9QKwqbH486ySW4i-SFfO'),('lGme-RpcjT','Kumaran','Elumalai','PhD at NTU,singapore',NULL,''),('lirKB41FXf','Chandra','Shekar','Custom Circuit Design Engineer at Intel',NULL,''),('ljvguZDyhJ','Solomon Arun Kumar','Thangaraj','Electrical/Electronic Manufacturing Professional',NULL,''),('lMyxZg7jSl','Prasanna','Rathnaswami','PMP® Certified IT Professional',NULL,'http://m3.licdn.com/mpr/mprx/0_tpExEz3HVItxuQZepUH2EB854SFxuLJeKZYhEBi4FI17PTaHOVsPXcB998b8fG4kP0eT5rjcfj1z'),('LNlZpjZI3A','Ivana','Kovacevic Jurasin','Business Valuation at Deloitte FAS',NULL,'http://m3.licdn.com/mpr/mprx/0_XUxLRHh5bXfNiIYD6ZysREAsbFIq_mmDQywsRwr5ZG0XyoMSeg7dvIkwWWwIhW73LZgRq2GgfUjj'),('LpLE-ICOPN','Sandeep','Suvarna','Head of Consumer Marketing - Asia Pacific at LinkedIn',NULL,'http://m3.licdn.com/mpr/mprx/0_z4FpDFiFxspPDvLwBxq7DkKwxjEKf9zwB01_Dk-Z8UY8rtGIMOcr_XQnlro7uAqbqRLGGi8Im1_3'),('LRZgi0raWA','Lakshminarayanan','Kaliyaperumal, CISA, CISM, CEH,CHFI','Lead Manager - Information Security at Infosys',NULL,'http://m3.licdn.com/mpr/mprx/0_vf7Lf3ozF40gLmGXBm0nf_fRbMsjbeGXBwUsfCDoZ0mDZ2zkJdxdTGMXWNVGX7iHN2SRhL1b4C4H'),('lTcXYhpKDE','Anto','Baby','Financial Analyst with experience in business finance, supply chain finance as well as competitive intelligence',NULL,'http://m3.licdn.com/mpr/mprx/0_aR5MUJcXT8iqmRZuayn6Us6oS3kXaZJuuVl6UU9VtbKqApa2CjvvzRCq_2XRSx48f4bbNpHaCc8J'),('luMJT6mQKy','Vikram','Kaushik','Manager - Projects',NULL,'http://m3.licdn.com/mpr/mprx/0_R84qRCHmdQpGRDI3M3swRhHCIFU7UDE3Jb2wRhdKqT7xkWgTBQH4v8gYLoRK4owDV_VoqbcMAuWF'),('lVGrP_Kv6l','Rukmini','Valliappan','Actuary Student',NULL,''),('lW2KFSp1qj','Kuyil','ShanmugaSundaram','ASIC Design Engineer at Nextwave Broadband',NULL,''),('LwEYpTdbdU','Sonny','Sasaka','Technology Architect at Closely Coded',NULL,''),('lxFDstTd--','Sathyanarayanan','S','Senior Staff ASIC Design Engineer at SanDisk',NULL,''),('lZ2sFP3JXe','Varshneya','Sridharan','Lead Engineer at GE',NULL,'http://m3.licdn.com/mpr/mprx/0_vrCZ-3hjmtRypJ6rc1lb-CC1m10grsBrctnF-C8flvISfO8KJ9tNyGq38OxCPgnpN18QjLOu5Yot'),('LzO1EoedD7','Ashok','Srinivasan','National Technical Manager at CommScope (SYSTIMAX) Solutions for INDIA & SAARC',NULL,''),('m-ahNAQvOh','Rohit','Sethi','Computer Vision Engineer at NVIDIA',NULL,'http://m3.licdn.com/mpr/mprx/0_SEVdfpMH5UAoII-X7IZVfxEEbx9XIm-X7aanfxsBZJGqqoLk3uoLT0aMWtnReW1HuW4ch4XAdS9F'),('m0JEhx97GK','Krishna','Venkataraman','Azure Evangelist at Microsoft',NULL,''),('M2RBv42Uv5','Shenghua','Gao','Researcher at Advanced Digital Sciences Center (ADSC)',NULL,''),('m4w3So3bXY','Ganesh','Rathnakumar','Software Engineer at Singtel',NULL,'http://m3.licdn.com/mpr/mprx/0_zVjRUCv9LGYr87s8vypkU38zdCZr82R8cYdkU31k9Xuhxe2hMpDczTbEF74fiIVuqJ0LNQTRl5tH'),('M7-0VDF8ib','Benjamin','Mah','CEO, Serial Entreprenuer, Mobile Application Security Pioneer',NULL,'http://m3.licdn.com/mpr/mprx/0_Pk_hAcYY--N39ltgAi3PANgurc8AqqigA6BxANg2flN3IKqj0CP2xqdGOVhaB1GltbTOO1fr6GVB'),('MACsvoA98-','Jaidev','Haridoss','Analyst at Verizon',NULL,''),('mcVIHo5ls9','Mrinal','Narayan','Engineer at Seagate Technology',NULL,''),('MD4_ngt0hv','Dr. Shalini','Sivarajan','Associate, Data Solutions at Eli Lilly and Company',NULL,'http://m3.licdn.com/mpr/mprx/0_6H28iaOHq0UFLb_N6oD0iuxz9VgcLXGNkd40iugHd0WFV8zqEapuS2d64NjHQiiZFIaY2IiI8OSI'),('mDsWy5k_nE','Arshad','Noor','CTO at StrongAuth, Inc.',NULL,'http://m3.licdn.com/mpr/mprx/0_LNotMm_jcLD9OFViwKsTMDhTR5ZnYkwibPODMD-gXiuQThy_WtVYcSQPze4Wj_EfXBHunEuyVsv8'),('mgz8oVMcWt','Gaurav','Jain','Senior Hardware Engineer at NVIDIA',NULL,''),('MI8JXU9WdU','Jess','Garcia','CEO & Security Analyst at One eSecurity',NULL,'http://m3.licdn.com/mpr/mprx/0_txz5sliLG_TpuJ0G-gb9s-i5GXn020fGrZ3Vs-Cvj3Cf1U4COMLWqt9U2E9h74aaPycUvvrm-iJ6'),('mitLfmRDkf','Durga','Balasubramanian','Team Member-Planning at Saint Gobain Glass India',NULL,'http://m3.licdn.com/mpr/mprx/0_Vu55r8dFTvHDdZtPZDFVrGsITBxSwZiP4HlVriEVYAwgNpq1nEvWY_Oq7s0tHxGxR7bU0kZsY7u9'),('MJfmbCugaD','Nachiappan','Chidambaram','Associate Software Test Engineer in R&D at SEL',NULL,'http://m3.licdn.com/mpr/mprx/0_fl6WHRGmT7PL0RaoDck9HMn3TfLo0ZxoS1-9HZ5OYoAVhpeE_B95Q4Ar7T5zyxY6atXBF0czywCB'),('MmdGoj1pd2','Rathnavel','Ponnuswami','Assistant Professor (Senior Grade) at KTVR Knowledge Park for Engineering and Technology',NULL,'http://m3.licdn.com/mpr/mprx/0_fxkuMYkd18_e29aifs51MjndPhNE29OiSYK1MjkJuL8s1td__MN8cgrcgmqv7A0fayQtnsnd47Xd'),('mMGaSVTN-n','Kaustubh','Budukh','Associate at Cognizant Technology Solutions',NULL,''),('MnFRZy_ZnX','Prakash','Yanaprakasam','Engineer at DSTA',NULL,'http://m3.licdn.com/mpr/mprx/0_fxkuMxzePibHurOiSJBxMpvIPhNE29OiSZK1MjkJuL8s1td__MN8cgrcgmqv7A0fayQtnsnp8mqd'),('MOz0SLJ3GU','Manoj','Tewari','Programme Manager at Magneti Marelli Powertrain India',NULL,''),('Mq0yKSpp68','Rajashree','Srinivasan','Compensation Specialist/Reward Advisor at Deutsche Bank',NULL,''),('mQAGo4CN5G','Nalini','Guhesh','Managing Director, Network Analytics team at OgilvyOne',NULL,'http://m3.licdn.com/mpr/mprx/0_tm_nI-792Ht0kOeF-fKLIlHc2ec0X4eFKoBdIlao1aifRyxbOePs5AsXG5Bhb0WIPSTeX9KiKJXY'),('mrE6vRmbi5','Naveen','Nazimudeen','Director and Co-founder at Xhance',NULL,'http://m3.licdn.com/mpr/mprx/0_y9lKkK5rymv3rlHBpBt_k1FPpdrhKlHBYt5fk1zCi7Xr7z0crrTyoPTu-XK01ndUgzPmwNbfOMrt'),('mrK_Jhqb7z','Prashob','Nair','Interface Design Engineer at Toshiba',NULL,'http://m3.licdn.com/mpr/mprx/0__gnH4MTkh_nsS0pu3p5B4RGdC8kUf0puTJCB4Rhqg6KwrUI2fUQXnUNVuSXku4j8CYN9cy-1RrsX'),('mSv5H-oJ82','Lakshmi','Kumar','Microcontrollers Demand Management at Texas Instruments',NULL,'http://m3.licdn.com/mpr/mprx/0_SLdZcZVae8kbJERj7k7bcVdue3TkUdRjfXjFcVRpBXvNkS2g3iJNMs7-Q73U4aVAu6IQ4gdtNJpl'),('MxHSMkjdmm','NTU','Alumni Affairs','Alumni Affairs at Nanyang Technological University',NULL,'http://m3.licdn.com/mpr/mprx/0_y9lKkKtYreB2KB4BYn3_k-L1pdrhKlHBYt5fk1zCi7Xr7z0crrTyoPTu-XK01ndUgzPmwNb0Z_Tt'),('m_rRsJAkqQ','Jawahar','KS','Tech Lead at HCL Technologies',NULL,'http://m3.licdn.com/mpr/mprx/0_TLYPQjOtsoQRB8dq3678QYuK4wrNB8dqiXE2Qxj8FDXkeXONDimxH0Wm9QKwqbH486ySW4_xR1EO'),('N3eQjtHQPR','Karthik','Balakrishnan','Treasury and Risk Applications-Murex Specialist',NULL,'http://m3.licdn.com/mpr/mprx/0_k14DPd12q1yNxbT06NdtPElfnrmJgTl06l2tPwCKWzsdCLQxHzH3jI9YZYa6OQK15rV1y2p6GBlo'),('N7KEBV1jYc','Tony Thomas','Kallivayalil','Asst. Professor at Indian Institute of Information Technology and Management - Kerala',NULL,'http://m3.licdn.com/mpr/mprx/0_cDHk-32FFc4YHIlrzEEc-_poFnxxHITrv7pR-_7s4Pw7c7nKUI4eyiRNd408w28p9aosjXgLvbee'),('N7XoR8o-p0','Krishnaswami','Rajendren','Research Scientist at Shell Global Solutions',NULL,''),('N8KJkM4Jr_','Karthik','Seetharaman','Post doctoral Fellow at LNMB, ULB',NULL,'http://m3.licdn.com/mpr/mprx/0_fjdmjjGVq--L2Q3T7swjjxvVNtnoaLATSVjAjY5VwqCVAT63_RJCPOAqsx9zSGrSaOIK-JRXvq7s'),('Namy0HX4Ng','Jagadeesh','Bakthavachalam','Senior Engineer @ L&T Infotech - Chennai',NULL,'http://m3.licdn.com/mpr/mprx/0_2AaKEUzx4eKdKXZHu1YfE49gVw6w-beHmPVfEJ6uLm-UDixe8cOyXMtCqLQNl8WXD-2m5Y4pNg7q'),('NbwC8dX5ZK','Danny','Fernandes','Project Manager at NXP Software',NULL,'http://m3.licdn.com/mpr/mprx/0_eOkdZfvka_ee7s73EVBVZSXJGiRd7sO3EsKnZSXJj5fJKOdTX4NL9DKc2aU92g0DWjQcBoVI0it5'),('NBzNHO0jnG','Ajay','S.A','Senior Consultant at Quintiq Sdn. Bhd',NULL,'http://m3.licdn.com/mpr/mprx/0_2AaKEUByZI_FrGJHmBYfEJhrVw6w-beHmrVfEJ6uLm-UDixe8cOyXMtCqLQNl8WXD-2m5Y4-dnMq'),('nDiKjIcZNY','Rajbabu','Gunaseelan','Manager of Singtel Satellite (ICT/VAS)',NULL,'http://m3.licdn.com/mpr/mprx/0_Ow-uHBRcrW9SFBaoymiPHqR9rfLG5lOoyd61HqVLfWA-szdEtSG8QNmIOG5j6n060ertFPHkqM0t'),('NlAwbhYZ_x','Karthik','Keyan','TESTING ENGINEER at GREENELLO SOLUTIONS',NULL,''),('nNhTNEYtHe','Bharathi','Rajah','Director, Health Insurance Exchange PMO',NULL,'http://m3.licdn.com/mpr/mprx/0_fo2QEpHBkIKw6HmXTafvEYEe6wn6QHmXSD4JEYJHJmC9MuMk_2pEXOS6HL9JLf7HadaZ5JwUBmvJ'),('NoXlNNtdGi','Scott','Fields','Verification Engineer',NULL,'http://m3.licdn.com/mpr/mprx/0_UiHHfFWm54jTMmrHMFecf5w_FxomUIrHJXpBf5Iy4sOYk7FecL4XTLxtdAEl42AXsho9hGJRo5ql'),('nPpBPzsyeB','Satish','Janarthanan','Principal Member, Technical Staff at Oracle',NULL,'http://m3.licdn.com/mpr/mprx/0_oFea4Ejmq6jHqLS2oiMj4dZmNiWb4Qp2e6yl4dVyw6gBFGIuQ3ZGnWmtsSdZUTjhIXErcmk4v9SX'),('nPwpmSX2jW','Sriram','Krishnan','Global Delivery Head for a Major Client- TCS',NULL,''),('nSM3UXd5-7','Vignesh','Rajan','MBA Student at Stony Brook University',NULL,'http://m3.licdn.com/mpr/mprx/0_2bYEOy4YWr-EBo-h2haMO0U-51vbv2-haiEzO0VisvTBEeL88TmQKxmDwOzZ9I12DkyNAZkQWcEk'),('NYwpA4OIHR','Shri','ram','Student at Madras Christian College',NULL,''),('O1ESo9heyP','Sathishbabu','Ramadoss','--',NULL,''),('o3EE3q5YeL','Harish','R Ramalingam','Software Engineer at Continental Automotive Systems',NULL,'http://m3.licdn.com/mpr/mprx/0_z0kCB3tQ-LV1TzjrUZ9jB_-etF0ySnDrBOKjBCCsSGIut-VKMJNmJG9NyWx_al2pqpQyZLp7y8bB'),('O4eUdB5RmE','Shruti','Nair','Doctorate Student at Florida State University',NULL,'http://m3.licdn.com/mpr/mprx/0_Oz05kBKy6IvhAEaUKtg9kzFrXE8Clf7UyBIVkqchR2NtmwZRt1fWoN_aobhg-HmB09jUwPdmNZrU'),('o4ju2Uw1tY','Vinodh','Mangunta','Business Analyst at American Express',NULL,'http://m3.licdn.com/mpr/mprx/0_GNQk24r88p84YsAdCBBU2UP8CUkNYJ3d89tR2UlggYKkTg9WmtneCRLPuzXwjOhLiBksipibZIku'),('o7Z3HVWCGO','Vijay','Thampy','Head of Business Development at Sent.ly',NULL,'http://m3.licdn.com/mpr/mprx/0_8LXTPsa_rn69BqhxGFcOP4muKv_nUBhxGGrOPJYy7KBQk1c02iqSjMotYRiW4K3PT66xyYuSDp_q'),('O9tDQWFxC2','Srikrishna','Mahadevan','Graduate Assistant, Department of Mechanical Engineering at Southern Illinois University Edwardsville',NULL,'http://m3.licdn.com/mpr/mprx/0_yths_KGr20hSY45v-zF5_1_p2pPut4qvOPqL_1XS1JbySyizrNrnDPK_Gt1PA0zMglGkuN9ZtVnT'),('oekdKasPjp','Balaji','Rajappa','Development Engineering Manager @ Diametriq',NULL,'http://m3.licdn.com/mpr/mprx/0_mLnj-Oe2xvLLcrBK2C9m-gRT0KtLRPBK2GCC-gZlhvQzXc8rGiQAyj2xAO-VZNny76NijV6mwjNE'),('ofzVxL5gT2','durga','sathiakumar','research officer at singapore institute of clinical sciences',NULL,''),('OGanroVkhZ','Jaideep Singh','Panwar','Manager at Sustainalytics',NULL,'http://m3.licdn.com/mpr/mprx/0_xxsvANQHelnu2fkjgyWQAccdHc3DufLjgRmoAcFqclzjPw-g1MEMxBPV6VT-fHXAYyZwOKJSufMu'),('Oi1eFs4avV','Vineet','Kuruvilla','PhD Student at Nanyang Technological University',NULL,'http://m3.licdn.com/mpr/mprx/0_-FJjC-jCMYz0s5bcKixCClV2JyA-4_BcK5DCClpr6MLGFF8BY3dA2AeOc-lDUknR1XRiS9GAuRsB'),('oRUUxizBOr','Shantanu','Samajdar','Reliability Engineer at Singapore Refining Company Pte Ltd',NULL,'http://m3.licdn.com/mpr/mprx/0_rVO-LK3LMfbyGCwqr4f3L1_cRWrlh3oqtZoSL1KLXuXT05jNypaOwPXIzFKm_6I4AJp2oNm9wv0F'),('OSPRHpSDVp','JAYAHARAN','KRISHNAMURTHY','Oracle Solution Architect / Project Management',NULL,'http://m3.licdn.com/mpr/mprx/0_459zxiJ_Dz0isYvi4TzQxTZ_SvZCsYXiV3GExTR-t1ut5V1_N_6JA37p_Z4gJMLfJQqIK6Wo5tIW'),('ow2SxIB_FW','Kristabel','Quek','Crazy and (maybe) visionary idea generator who loves to pull rabbits out of hats.',NULL,'http://m3.licdn.com/mpr/mprx/0_mv6VdJkfaHCkpUHea-NWdszf27FLy4Me2t-5dUNO1E1z_ymHGP99bRhrG3bV00Zk7nXX6pEN_RB1'),('oWJSYy_fMT','Vijay','Rajamanickam','Senior Technical Leader at NDS',NULL,''),('OXnKrLFGKO','Jim','Manico','Secure Code Enforcer',NULL,'http://m3.licdn.com/mpr/mprx/0_xrBNYrk_7Nh7yjbTx-cbYPXDDznSyjbTgN_IYtQt-PCg_MK319bZr--yi49t0VQSY1vElzNBRalN'),('oyAQuxiCO8','yokeshwar','murthy','ASE at TCS',NULL,'http://m3.licdn.com/mpr/mprx/0_imOA6VgBVozBkGIM3ajG6MuJsHisXTIM3oom6ZaQ5mcERLpJ7eaje4seNL_5bQovGSpfd0rC_QFs'),('OyCsjUM2sX','Pallab','Datta','Research Staff Member at IBM Almaden Research Center',NULL,'http://m3.licdn.com/mpr/mprx/0_pCD07n2S4Jt7NQvWOQph7zet4p5DNQqWY_J87zwDFJljwGidKkj13v0i9tL-cTz5jTf38tzxAhM_'),('o_RVywBVU3','YIQUN','HU','Research Scientist',NULL,'http://m3.licdn.com/mpr/mprx/0_Tw3KHRgq0I1ndv4o_2PfHZjVxE5qL9HoiEzfHMpe87lXVt0EDSAyQJeQlXLIQAd68eimFOmPk2JH'),('p-aQGCMap9','Lei Lei','Win (Shaheen Ansari)','Researcher at Nanyang Technological University',NULL,'http://m3.licdn.com/mpr/mprx/0_vf7LfhjnwsYSFD-XceusfCxzbMsjbeGXBaUsfCDoZ0mDZ2zkJdxdTGMXWNVGX7iHN2SRhLxsUppH'),('p0Zp1bX0RZ','Rolf','Schulz','CEO at Global Network Security GmbH',NULL,''),('PbSn7reyRw','Mani','Muthu','Deputy Manager-Control systems at KEAS Control Systems India Private Limited',NULL,'http://m3.licdn.com/mpr/mprx/0_-RFTK-AdAANYuvKttsvtKl_I1BA-m98tKM1OKlrR2ALGltB-YjcSOAkzjslDDATY14Lxx9CIHMVG'),('pdT3gOzwAh','Vidya','Iyer','Sr Applications Engineer at Oracle',NULL,''),('pDznhob9OH','Drew','Fong','person at Apple, Inc.',NULL,''),('PjokhXJjfE','Rohit','Vaz','Software Consultant at Imfinity',NULL,''),('pkmtz9IgNd','Gowtham','Sadasivam','Malware Analyst',NULL,'http://m3.licdn.com/mpr/mprx/0_8D2tXJWsM29oQFwsCEETXUSnREGVkkwsG24DXs7wX79oUhyV2IpYEVR5zXCLF_EnTaauIjAmY5Up'),('PLp94aU1MW','Bharath','Venkataraman','Systems Integration Senior Advisor at Dell',NULL,''),('PLXwwIedFY','Vivek','Krishna','at General Sentiment',NULL,'http://m3.licdn.com/mpr/mprx/0_aR5MUJQLDbrIaRdu8On6UsBESCkXaZJuuVl6UU9VtbKqApa2CjvvzRCq_2XRSx48f4bbNpX6L3KJ'),('POhWMbXL7I','Liang','Wang','Software Development (DSP)',NULL,''),('PQ-faZ8pFq','Rahul','Raman','Engineer at Bayer Technology Services',NULL,'http://m3.licdn.com/mpr/mprx/0_T_Ic9Yjid3bq4oE13XWe9pyCdX-ZsoI1ik0e9pDY9C6e5mpPD5RRZyMKFdtbJDo088ddJU13Tk2y'),('Pq-_x7DH-6','Bhanu Prakash','KN','Research Scientist at Biomedical Imaging Lab, SBIC,  ASTAR',NULL,'http://m3.licdn.com/mpr/mprx/0_OurBLBUzmuvhFgU4yIKXLqZsuo8aFOo4pHXHLqEbPuNO4sjZtEhUwNOWCFhAkJIq07-WoP4IzBXg'),('ptitrvBDxk','Pradeep','Raman','IT - Manager at EC Software',NULL,''),('pVkYmkrsM1','Ramyaa','Hariharan','Senior Business Analyst at Cognizant',NULL,'http://m3.licdn.com/mpr/mprx/0_SrapvxnOs8NIpXW17BDivp8xV_-HrbM1fAV_vpQfLQ64fimP39OrRy-3qDtcP8Z0u12GsUqrHKuV'),('PyC0E3y99K','Subramanian','Ramaswamy','Senior Software Development engineer - Telecom',NULL,'http://m3.licdn.com/mpr/mprx/0_gxkFOr5o_cG72VhhgU6NOPkLinvm2VTh0ZKZOPFJpPTY1Yn8AMNIK1PcD4zl7j82yyQJAqM32-UU'),('pyyctDwEtr','Joseph','Antony','Technical Manager - Software at Identive ID Infrastructure Division',NULL,'http://m3.licdn.com/mpr/mprx/0_527SxeYdNzR9kXrfFaDYxofqnPeU6XrfFmU-xIuWWnywJ8F7doxTAw4bZjHk5iAikfSPKu-XMk8Q'),('Q4HrRDoG5O','John','Pisarczyk','Detail oriented Product Manager with 10yrs experience delivering new products from concept to launch',NULL,'http://m3.licdn.com/mpr/mprx/0_gPLYkP6uODbay1ocgn6TkANiYulmpzUc0NA3krFxTW5YiluBAvztoKPlKGAlx-sRyKF8wBzjQqKD'),('q5h11_vU3t','Rajan','Sundaran','Sr PeopleSoft Consultant',NULL,''),('q6Im9KQQOo','IMI','NTU','The Institute for Media Innovation (IMI) is an international interdisciplinary Research Institute.',NULL,'http://m3.licdn.com/mpr/mprx/0_SLdsnYJ2WFGNM2dt73oWnjE3WGlkUWZt7TjLnpRpnk5NkD7-3iJn4y7-bfAU4mMYu6IkMUWePh76'),('Q81rfCPdvw','Sriraman','Chandramouli','Business Analyst at UST Global',NULL,'http://m3.licdn.com/mpr/mprx/0_XGm9LHS-IfEvc2WZQ_H5Lww7WWDZvoWZQLsWLwSfnuJeEmY4eXYVwIJ3bFSb9DeNL3uHo2PBiT-C'),('q9P5gUPaHt','Manivannan','S.R','student',NULL,''),('qAugZKri7C','Yogesh','Pandit','Manager, Controls and Software at Ingersoll Rand',NULL,''),('qdbOd479SN','Mani','Balakrishnan','Engineer at Intel',NULL,'http://m3.licdn.com/mpr/mprx/0_-OwaAqb5c--g7kAjKjEgAniFcA3YfFKjK0xlABTZHBzmr_bgY4UGxcznJpTTuhlA1jWrOrx1FxA7'),('qeS3U2o4WG','Srikanth','Ramani','Graduate Student at University of Illinois at Urbana-Champaign',NULL,'http://m3.licdn.com/mpr/mprx/0_U-uG0hNlN1pGPQTGRASl0_TaN9Vm1LhGJKZg0_bawKaY2TcCcqyali1hsRslKG3asAmprXJZ3V7j'),('qgP8OKTmgG','Nithyakalyani','Swaminathan','Firmware Engineer at GE Healthcare',NULL,''),('QJg08EJO9C','Srinivasan','Jagannathan','Senior Consultant - Delivery Lifecycle - Communications, Media and Technology at Accenture',NULL,'http://m3.licdn.com/mpr/mprx/0_OPQTE-vuAmh3prykpK5-ElT21HcmyvukyttOElFO2DiY_AUXtvnSXAPrjQBl0tSe0Kkx59zkV7tX'),('QK7gFIf0pX','Jaspreet','Sidhu','Engineer Software at Intermec Technologies',NULL,'http://m3.licdn.com/mpr/mprx/0_hTReAODhXlBczuAAh6MBAyStktlUJuAAGLfcAy2tUq5w6H6lubIkxpZyExAkswrj3CJnORYB1eNM'),('QlZNoa7172','Nidhin','Jose Davis','Principal Engineer at DigitalSurgicals',NULL,'http://m3.licdn.com/mpr/mprx/0_vtozjCtmwnp1ymk3zqeEjh_SwNRjYek3crOEj3TgN-fDT2PTJNVJPTzP5MUGj75DNlHI-Qxg1v8y'),('QM9osfWg87','Anand','ponniah','Infra IC at Larsen & Toubro (Oman) L.L.C',NULL,'http://m3.licdn.com/mpr/mprx/0_2AaKEscOVeTUrGdH2-u7E4BgVH6w-beHavVfEJ6uLm-UDixe8cOyXMtCqLQNl8WXD-2m5YN0Ab4q'),('QMPPYN9EGR','Vinay','Warrier','PhD Research Scholar at Nanyang Technological University',NULL,'http://m3.licdn.com/mpr/mprx/0_1C0R3cxpdJvx9WcUlbgX3vS8dj8yq7cUl5Ik3Nah94NuIIhRxkfc7qsaFPh_Be9B-TjLa1ycWR2a'),('QscimlA2ns','Goutham','Nagarajan','Professional',NULL,'http://m3.licdn.com/mpr/mprx/0_iqpxyxCjUNLn1FzCSrmhyjlYU-cn1CzCTnHhyj-GkciQ26GG7-2P-gQ2vyBWK5qmGcOTPshBD7C3'),('qWmX-1RIG4','Bhargav','Balakrishnan','Chair (Newsletter Committee - Volunteer Position) at IEEE Computer Society of India',NULL,'http://m3.licdn.com/mpr/mprx/0_gPLYktLGOW6fynwc0lqSkrbSYflmpzUcxAA3krFxTW5YiluBAvztoKPlKGAlx-sRyKF8wBM1xeKD'),('r0-XxFekiv','Dhillon','Kannabhiran','Founder/CEO, Hack In The Box',NULL,'http://m3.licdn.com/mpr/mprx/0_x9J4KPcioANSyfQtA-HwKAFPelATpfntgtDbKAnPBcLliwT-1rdqOlGgQylYxHBYYzR6xnH1FHKn'),('r0ie6_AkCJ','Xuejie','Zhang','Research Scientist at Temasek Laboratories@NTU',NULL,'http://m3.licdn.com/mpr/mprx/0_vJv4JChX7i0j7ZUCRjQbJ38bDhRASYVCBgTbJ3A9-Qf3tVDGJ05qBT54iDUaaMRmNVB69QfhynKG'),('rA7AwU44RW','Hari','Ramasubramanian','Partner, Indian Surrogacy Law Centre & Domain Name Disputes India',NULL,'http://m3.licdn.com/mpr/mprx/0_Ol4nOBvPeNT2gav2OPdLOqXaonLaxSX2yn2dOq61zPAO8d1utBHsKNtjX45ApELh0tVeAP4fKrOJ'),('rbMyjN9K9f','Vijay Raj','Singh','Researcher at Singapore-MIT Alliance',NULL,'http://m3.licdn.com/mpr/mprx/0_Tw3KHV7NxIhMdv4oi2riHMSvxd5qL9Ho_fzfHMpe87lXVt0EDSAyQJeQlXLIQAd68eimFOaDcyeH'),('Relkp4HFEc','Krishnakanth','Balam','Business Development Manager at Embrace Innovations',NULL,'http://m3.licdn.com/mpr/mprx/0_0hOv4PMrW6Qh9eM8xQfQ4rMpwLN29DW8g3oo4AdiNh8pdWYhP6aMnlgD5wq1voeuOipwcnUNTNxW'),('RKJA7GBWtl','Ravi','Chandran','Sr. Project Manager at Sanmina-SCI',NULL,'http://m3.licdn.com/mpr/mprx/0_8LXTPsmyt16BUBrxa3NtP4yuK9_nUBhxGXrOPJYy7KBQk1c02iqSjMotYRiW4K3PT66xyYuVpQTq'),('RlBWJ9rLGH','Natesan Muthu','- PMP','Snr Project Engineer - Project Management Team at McDermott',NULL,'http://m3.licdn.com/mpr/mprx/0_mbFan0U_tCN5J1ytmCBAnydTtTA5Jnyt2L1lngMYSFLv6-w-GTcG4jDKyulsslgY7kLrMVFRFWDv'),('rMEJC23H_F','Kaminee','Lakshminarayanan','Senior Associate - Software Development',NULL,''),('RqarylRJZ8','Shruti','Omprakash','Postgraduate student at The Berlage',NULL,'http://m3.licdn.com/mpr/mprx/0_OPQTE16T1DiCYPjkyBvOEl3C1wcmyvukpctOElFO2DiY_AUXtvnSXAPrjQBl0tSe0Kkx59M__oFX'),('rRI9jUxWBJ','Manish','Narwaria','working at nantes university france',NULL,''),('RsXufh3-mY','Syed','Nadeem','CEO at Green Leaf Sports Village',NULL,'http://m3.licdn.com/mpr/mprx/0_6X3m4fpttkg9vz28XChl4uSmt84czng8kizA4ugmS52Fo-EhEGACn2d8yaZHnlyuFFiKcI_nqaSn'),('rVTzorZcZc','Vivekanandan','B','Software Engineer at Hewlett Packard',NULL,''),('RXRhisIt8c','Raghavan','Parthasarathy','Consultant - Strategy & Operations at Deloitte',NULL,'http://m3.licdn.com/mpr/mprx/0_-RFTK-_bPAF02r8tKy5OKlTR1BA-m98trx1OKlrR2ALGltB-YjcSOAkzjslDDATY14Lxx9GEgDUG'),('rZnhL5owbh','Ahmad','Zaid Zam Zami, CEH ENSA CHFI ECIH CEI','Digital Forensic Analyst at Indonesia Security Incident Response Team on Internet Infrastructure',NULL,'http://m3.licdn.com/mpr/mprx/0_OEI5XzdUXIN7duOsymwVXByQXECGIE7spa0VXBsRR2n-qaZVtuRWEcazobGjeSmn0WdUIrX4TB7S'),('r_ebSAv394','Ganesh','Bharath Kumar','Maritime Officer at Maersk Line, Limited',NULL,'http://m3.licdn.com/mpr/mprx/0_Fl0jZWhtUC7W1hwDbrgaZI-0JiwMP_UDLzICZo__65xWuFuSwBfA9EcScaIQrks36tjiBSA8DENm'),('r_EnE6JMqg','Sudarsana','Rao S','Business Development at SCM Microsystems',NULL,'http://m3.licdn.com/mpr/mprx/0_OPQTE-BuAIT3pPjkOBvYElQa1HcmyvukyNtOElFO2DiY_AUXtvnSXAPrjQBl0tSe0Kkx59M4eJQX'),('S57cbKMuSU','Sri','Shailesh','Senior Engineer at ST Kinetics',NULL,'http://m3.licdn.com/mpr/mprx/0_SEVdfp4HLy1QID_X7IdVfYEQbx9XIm-X7aanfxsBZJGqqoLk3uoLT0aMWtnReW1HuW4ch4e16slF'),('s81s8X2eYY','Jagadeesh','George','Research Associate at Nanyang Technological University',NULL,'http://m3.licdn.com/mpr/mprx/0_hqAXN0hthCvFAs2Ah9BUNy_OCQlc1y2AGKLUNylCgh5F24Rlu-3HVpLuuwAHKUDj3c1VUR_aBdfU'),('saquCzhmRG','Jameerrul','Iqbal','Sr.Field Application Engineer',NULL,'http://m3.licdn.com/mpr/mprx/0_xjj5WPXRXu3g8EOL0USsWAB9XWNSCu7LjVdVWA6FRu8ggHZ51RDWFltdoFqt3wmdYO0UQnqVDBss'),('saRASzPoM6','Jaishree','Viswanathan','Sr Associate Engineer at hiSoft Technology International Limited',NULL,'http://m3.licdn.com/mpr/mprx/0_-zC9rzPOS96rlVk0tNhLrnPY7qCtlVL0KBnWrBAuKAnCmY-xY1tVYc5CTsGS-jX1198H0riNX3NS'),('SaTSYz_DZp','Anand','Dhananjayan','Operations Head at Zappier Technologies Pvt Ltd',NULL,'http://m3.licdn.com/mpr/mprx/0_mLnj-OZh0tL5JrbKh35G-yRl01tLRPBK2bCC-gZlhvQzXc8rGiQAyj2xAO-VZNny76NijV6oXONE'),('sC8sZl2cRC','Mahesh','Varadharajan','Consultant - Cognizant Business Consulting at Cognizant Technology Solutions',NULL,'http://m3.licdn.com/mpr/mprx/0_imOA6V0J4D5ZXbRMSdum6M7QsHisXTIMT2om6ZaQ5mcERLpJ7eaje4seNL_5bQovGSpfd0p5QFts'),('seYqhvjh6e','Rekha','Rajagopalan','Senior Electrical Engineer at Methode Electronics',NULL,''),('sF4jmInqOP','Sebastien','Gioria','Head of IT and Security Audit Groupe Y - French OWASP Leader - Looking new job opportunity',NULL,'http://m3.licdn.com/mpr/mprx/0_IdV5bDUeFSZFweY9WWJnb7xWbexLImf9WwaVb7ZBZSwzqo4nbfoWdf2MW60VeWaVoo4UeHou8uQO'),('sFLuaug7p1','Shwetha','Ramani','Hyperion/BI Analyst',NULL,''),('SGFrspyGPa','K.Varathan','Srinath','APM at HCL Technologies',NULL,''),('SHvEYzcPfH','Rashmi','Ramesh','MBA Class of 2013 at Kelley School of Business',NULL,'http://m3.licdn.com/mpr/mprx/0_R84qRCZKWLyDJDI3UFIwRhVGIkU7UDE3MG2wRhdKqT7xkWgTBQH4v8gYLoRK4owDV_VoqbcCiBgF'),('Sktiw8Z0Uj','Mukundhan','Muralidharan, PMP','Project Management Professional & Consultant - Deloitte Touche Tohmatsu India Pvt Ltd',NULL,'http://m3.licdn.com/mpr/mprx/0_yq555nPmid9ujZ7M-tQV5zbaTo_8xZ7MYKlV5zqxYuBK8pZJr-vWIv8l7FixpxmvgcbUEto7hgdM'),('SLxBSCVXqx','Saurabh','Aggarwal','Program Manager at Constellation Energy (An Exelon Company)',NULL,'http://m3.licdn.com/mpr/mprx/0_8GEYKyamsccZR8Q-8643KO7GZlrsJLc-GLY3K0aObNXE6Tht2XstOxsrn0K5sG9OT3e8xZKsJrW1'),('sm0q1aHftV','Anil','Babu','at Barclays Wealth',NULL,'http://m3.licdn.com/mpr/mprx/0_FJCU1m3nSqZVipBtFRXe12KVfPgzTV9t5UnX12tErnWLYY3-w0tBgu6k3jjoGjcY6V85pw8CNn67'),('smtjK556dc','Kate','Hartmann','Operations Director at OWASP',NULL,''),('sNAAiW-Fk2','Paul','Go','Graphic/ Web Designer at Avatec Power Pte Ltd Singapore',NULL,'http://m3.licdn.com/mpr/mprx/0_FJCU1mAVfzoJ3xbt5Y-e1DKofPgzTV9t5UnX12tErnWLYY3-w0tBgu6k3jjoGjcY6V85pw2L5uP7'),('SPDwJuEnaP','Ram','Kunchur','Senior Engineer - Product Development at SunGard',NULL,'http://m3.licdn.com/mpr/mprx/0_66Vqgum7Iq7n4eQhkTRFgag3IcMBsmQhk3awgfy-qlSb5ol8Eho417HpLVJeJWb2FL4otemWexZf'),('sPQPafugIO','Rekha','Srivatsan','Account Manager at AdLift',NULL,'http://m3.licdn.com/mpr/mprx/0_lwfCFPSZqaG1FLucADpAFAgZNIl-5LDc1ERjFrpWwa5GsTVBjS0mWKebs5AD6G2RKeDyHBa71or4'),('srkFf9FSlN','Ram Prasad','Devanathan','Lighting Artist at DreamWorks Animation',NULL,'http://m3.licdn.com/mpr/mprx/0_yHCbizIVfsBubMhZYe_ZinxZiVT85VhZYun4in4dpyvKsYc4ratwS9uFDc3x6j3NgI8M2A6jiIjE'),('sSJ2pclCLU','yohanand','gopal','Web Developer at ZeniMax Online Studios',NULL,'http://m3.licdn.com/mpr/mprx/0_Rm-zu_UnDpY3HYkkUfKEu3dvSUUfXjkkMW6EuhHQtY70RMPXBeGJG8ye_zRrbV5eVSrI_b9QetQd'),('stK3MPLqmi','Pavan K','Sriram','Researcher',NULL,'http://m3.licdn.com/mpr/mprx/0_txz5sl8WaFkYuyfGKsXVs1lFGXn020fGrZ3Vs-Cvj3Cf1U4COMLWqt9U2E9h74aaPycUvvypxVJ6'),('sxTHfkVpp3','Madhusudhan','Srikkanth','Senior Software Engineer at PayPal',NULL,''),('sZfglbmC8s','Hengyi','Zhang','PhD at Nanyang Technological University',NULL,''),('T33eacSeri','Britto','Edward Victor','Senior Engineer at ROHM',NULL,'http://m3.licdn.com/mpr/mprx/0_3PuunYTrzC_J-6Yt_KaPnjAPvTlJK5Yt_AZ1npCaEk5d73W-Svy84y9hUfA61CxYhKmtMUyZtyMh'),('t61LpNFgiA','Ponnu','Jacob','PhD Student at Nanyang Technological University',NULL,'http://m3.licdn.com/mpr/mprx/0_upscWJc5WdhF22od2yUkWsQ5doXou7wdaYmeWsLq9frVPIyWhVERFVlVFkkzfeELS0ZdQjBQnUok'),('t8h-00D8rc','Sandra','Boesch','Founder at Pivotal Expert, PTE LTD',NULL,'http://m3.licdn.com/mpr/mprx/0_N-oHBb5YI8JYjmDpqveBBLPOF3f00eyp9zOBBXGO4bRfh2wy4qVXJknrd27hy7grvAH9Z_phAdBy'),('tBmHyF59-P','Chandra','Mohan','Senior Security Analyst at Birlasoft',NULL,''),('tdl17oMLeu','Sundaramoorthy','PanneerSelvam','Technical Support Manager at Siemens Water Technologies',NULL,'http://m3.licdn.com/mpr/mprx/0_eMnW9wzNG6J5uJYxE4ln9dndGGfLu00xoRC99HNqjFRzPUH0XxQ5ZehV2u7Vf4OPWsNBJ7QGg-Kh'),('tiqX8QVkGX','NARAYANASWAMY','NAGARAJAN','Senior Principal Engineer at ST Electronics (Satellite Systems)',NULL,'http://m3.licdn.com/mpr/mprx/0_rmBXqlg6i6qleYpr-uQUq1pw3LPjej2rt2_Uq1ScOhbDBMRKyebHsPJJfw1GIVDpASvVRN0UDkQU'),('TmOlTLGRCx','Robert','Malmgren','Computer & Network Security Consultant and Contractor',NULL,'http://m3.licdn.com/mpr/mprx/0_zdfeRCuc6T7Pbuu3BmxBRhyVkCRKbdj3BwRcR3YoUXf8ZSoTMf0kvToXE7U7XapDqoDnqQ2PszMg'),('tMvqNgIqhO','Meera','Kumar','Applications Specialist at Bellbrook Labs',NULL,''),('TonPwzpDw2','Lejo','K. L.','Signal Integrity Engineer at Intel Technology India Pvt Ltd',NULL,''),('ToXnQlk4kP','Saira','Rajan','MBA Candidate at IMD',NULL,'http://m3.licdn.com/mpr/mprx/0_Z3_74X4AP30_4NOusQ1y4bWjl8e7qNxus5Br4bW2m6yxIre2qFP_nFjGxSHKBPY8MGTlchBqxFGf'),('tpLHrcsEm7','Jose Ramon','Palanco','Owner & CTO , Drainware',NULL,'http://m3.licdn.com/mpr/mprx/0_GoniwOUFraT9EzmQGdbKwgyX-INqE1mQ8DCywgyqDa8XvBM6m2QfLjHVp5qIdq7EidNjkVCCPBJ_'),('tr5QGL-vpK','Ranjul','Balakrishnan','Signal Integrity Engineering. at Intel',NULL,''),('tsf4k5TpVS','Divya','Pattabiraman','Biological Research Professional',NULL,''),('tSZRhGYNZO','Cecil','Wilson','Acoustics Engineer @ Siemens',NULL,'http://m3.licdn.com/mpr/mprx/0_OVJogBAHWlr3ao12YsWvgqFd5tLG2712yRDvgqnvsBA-1IXutpd61NGUwp5j7e-h0JRqtPkxP66_'),('tTgXH_jg2D','Viplav','Baxi','CEO at Atelier Learning',NULL,'http://m3.licdn.com/mpr/mprx/0_Dv0vDVFYoUtErEzwD-OoDZk0HZ6LrfLw7tIoDMN_cg-zfw-ITPfM_JhS69QVPHXb2njwGOo17OLV'),('tyw6mLlRZS','Tariq','Ibrahim','Supplier Quality Improvement Engineer at Cummins Power Generation',NULL,'http://m3.licdn.com/mpr/mprx/0_N0TLAL8ISzR7_jijqpAVAbKwTcD03RCj9gvsAbCIY-JfOxvg4JldxF9L7MShCp_Avp_ROhrt-ELY'),('T_y_VUFHys','Arun','Raman','Software Engineer - Facets at HCL Technologies',NULL,'http://m3.licdn.com/mpr/mprx/0_eOkdZaB5G3OwfJO3EjvnZS6HGiRd7sO3EsKnZSXJj5fJKOdTX4NL9DKc2aU92g0DWjQcBoV1_qk5'),('u4blRn8WvL','Seah','WKSeah','Asst Mger at Nanyang Technological University',NULL,''),('u57dzh5zrP','SC','Vinod','SharePoint Developer at Hexaware Technologies',NULL,'http://m3.licdn.com/mpr/mprx/0_0-CI4t57TFiuAV28j9544AGOi8NuPVg8gKnN4AXfp58yuYEhPqtFnlK3DaqPrjyuOA8zcn9ki4XT'),('UB68BrdIOM','Neeraj','Eswaran','Computer Software Professional',NULL,''),('uDY5tR_RIf','Vamsi Deepak','Sankar','Senior Editorial Researcher - Acquisitions',NULL,'http://m3.licdn.com/mpr/mprx/0_yHCbizWdiyz7bMTZ-7GqiBWqiVT85VhZYun4in4dpyvKsYc4ratwS9uFDc3x6j3NgI8M2AQIlBdE'),('UErrCNThDL','Raj','Gopalakrishnan','Enterprise Technology Strategist at Microsoft',NULL,''),('Ues8gd3hGT','Sreekanth','Rao','Technical Lead in Goodrich Aerospace',NULL,'http://m3.licdn.com/mpr/mprx/0_ljrrcP-FyiqP8qZAPJ87crlbpklOC-dA1xX7crhbiT5agnOljRhpMKNW-oA33zHjKO-a4BY2SuOo'),('UGX7jw_hr_','Arun','Kumar','Innovation Program Management Professional at Cognizant',NULL,'http://m3.licdn.com/mpr/mprx/0_r9mLMncY6TPK-dx7KBpnMzKOX65lrEa7tcssMzKfRilTfaJfyrYdcvX3oeLmPSf_AzuRntG91wLl'),('UHa85DULh0','Viswanathan','Vaidyanathan','Member Technical Staff at Riverbed Technology',NULL,'http://m3.licdn.com/mpr/mprx/0_ljrrcP6FYbqPmldA0JAicAlbpklOC-dA1VX7crhbiT5agnOljRhpMKNW-oA33zHjKO-a4BtmS_Oo'),('uHYOTCjkRe','Venkataraman','Sankarasastri','Director at Comfocus Technologies Pvt Ltd',NULL,'http://m3.licdn.com/mpr/mprx/0_jOgiHrGzzWPfTCx6xYyrHPbvBEvfi3a6xJWyHPXke7T0p5JQl4SfQ1KEMXzr86fopjxjFqnUxum-'),('uL0e7oAtk8','Raja','Krishnan','CFO at Microsoft UK',NULL,''),('UL9fSeyrdN','Arjun','Krishnakumar','BTech Chemical Engineering, M.Engg Materials Science (Research)',NULL,''),('uN4VreRB0p','Sumit Jagdish','Darak','Intern at EADS Innovation Works',NULL,'http://m3.licdn.com/mpr/mprx/0_Wn8k22Fj8ZaWP085wtbU2m5-C4JbAJ35wqNR2mnSgYDBag9LLKKeCaG_uzMZtOhWevCsidHdOuBW'),('uq88RJgqsn','Soon Chai','Liang','R&D Engineer at CSIT',NULL,''),('URbsH4jeb-','Chris','Boesch','Practice Associate Professor of Information Systems at Singapore Management University',NULL,'http://m3.licdn.com/mpr/mprx/0_zVjRUCPBILy8CWR8U0OXU3PndCZr82R8cjdkU31k9Xuhxe2hMpDczTbEF74fiIVuqJ0LNQDsVZFH'),('uTGdVBfaRI','Karthik Narayanan','Ramalingam','Advisory Associate at PwC',NULL,'http://m3.licdn.com/mpr/mprx/0_2AaKEsc1Vmro-GZHanu_E4BAVw6w-beHmPVfEJ6uLm-UDixe8cOyXMtCqLQNl8WXD-2m5YZXbHVq'),('uti-hF9tJl','Pragash','M','Senior Manager-Software Engineering at SMSC',NULL,''),('uTT02dPyxK','Bharath','Atreya','Grad Student Attachee at Institute of Microelectronics, A-STAR',NULL,''),('UVU9nvb4jS','Derek','Low','Creative Director at iAPPS Pte Ltd',NULL,'http://m3.licdn.com/mpr/mprx/0_1C0R3cdOWs9Y42FUP8gX3NdOdj8yq7cUl5Ik3Nah94NuIIhRxkfc7qsaFPh_Be9B-TjLa1y8j1Wa'),('v6GQkY0qfj','Rakesh','Raghunanthan','Associate-Projects at Cognizant Technology Solutions',NULL,''),('V7GdNaFJIC','Michael Vincent','Capulong','Game Programmer at NUBEE PTE LTD',NULL,'http://m3.licdn.com/mpr/mprx/0_gPLYkP8apIqOrnUc0lB3kA6SYulmpzUc0tA3krFxTW5YiluBAvztoKPlKGAlx-sRyKF8wBvlVcND'),('V8gnFNwlWj','Bharathee','Devarajan','Computer scientist at Adobe Systems',NULL,''),('VCc2EYMK8O','Jegadeswaran','S','Automation Engineer',NULL,''),('Veqqh628z0','Niranjan','Srinivasan','Research Associate at Indian School of Business',NULL,'http://m3.licdn.com/mpr/mprx/0_KMzyHni5PmPgmvHo-sqfHzCHxu5K2P4o-R3iHztv8Wl81cfEpxLKQv6UlGL77NJ6lscCFt8U04fN'),('VGRkZUaRD2','Jaejo','George','Regional Manager - Motor Vehicles Industry (South India) at Atlas Copco',NULL,'http://m3.licdn.com/mpr/mprx/0_ndxXK8YVFNUKFDK-qDJBKim6FBpKbm8-NSwUKiY64AH8ZoBtVf7HO_oHdsy7XWTOBogVxkurIF4d'),('viq5h7OQ8e','Bharath Kumar','Venkatesh Kumar','Senior Software Engineer at Zynga',NULL,'http://m3.licdn.com/mpr/mprx/0_Y5gdzKwyFXci9Ia-yiyVz1eCbhKinDO-pFWnz-ZCZLk1WWdt-_SLUt2uWmrpzo0OxQxcVvQNLAGE'),('VKhXKnstnl','Gopalakrishnan','Vasudevan','Associate Consultant at Infosys',NULL,'http://m3.licdn.com/mpr/mprx/0_N0TLAXhJSze0TRij9RC9AbXNTND03RCjnOvsAbCIY-JfOxvg4JldxF9L7MShCp_Avp_ROhpLAFtY'),('VKToq57EPO','Selvasuganthi','S , CID','HW Engineer at Juniper Networks',NULL,'http://m3.licdn.com/mpr/mprx/0_8LXTPsDSKnFqJlrxa3L-PJ4mKv_nUBhxGGrOPJYy7KBQk1c02iqSjMotYRiW4K3PT66xyYu4WQ5q'),('Vl1Klq96-u','Vaidya','Nathan','Founder & CEO at Classle Knowledge Pvt. Ltd.',NULL,'http://m3.licdn.com/mpr/mprx/0_yHCbizoqTU5hLMhZYmh4iBHviMT85VhZOEn4in4dpyvKsYc4ratwS9uFDc3x6j3NgI8M2AovFueE'),('VnLPoLZE43','Arvind','Ramana','Engineer ( On Board Data Handling Hardware/Digital) at ST Electronics (Satellite Systems)',NULL,'http://m3.licdn.com/mpr/mprx/0_yHCbiqwWT0q25VlZp7XZinV4iVT85VhZYun4in4dpyvKsYc4ratwS9uFDc3x6j3NgI8M2A6TxudE'),('Vo836RrOCD','Manoj','Thelaprolu, CQE, CSSGB','Manufacturing Quality Engineer at Johnson Electric',NULL,'http://m3.licdn.com/mpr/mprx/0_pCD07nWKq0_3qiqWpLSh7zwr4p5DNQqWY_J87zwDFJljwGidKkj13v0i9tL-cTz5jTf38tJxsG2_'),('VOK79JfzAh','Deepa','Josephine','TECHNICAL MANAGER - SOFTWARE at Identive Group',NULL,''),('VsCPFRMKiD','Bharathram','Lakshmivarahan','Manager, PwC Pharmaceutical and Life Sciences Advisory',NULL,'http://m3.licdn.com/mpr/mprx/0_B1FpR_82xbg00vd3zcTfR38gx3UYj9J3zq1_Rh3j8b7mGtaTRzcrv8v1l2RTYA4DnrLGqb1SiVKe'),('Vt3em4s2i0','Yerlan','Amanbek','TA at JSC Nazarbayev University',NULL,'http://m3.licdn.com/mpr/mprx/0_uBxCSyv-zgtk1CK629fASOq0cRv6PC36azwjS0v_HOT9u69Qhl7mix3SJvzJr5hoSNgyCZFWlm3g'),('vTfKzmTRZ4','Peng Kong','Choy','Head Geek & Co-founder at Vanity Trove Pte Ltd',NULL,'http://m3.licdn.com/mpr/mprx/0_54wi7eTXvgjsiF-dbVDr7ItFBVecfFGdFsxy7IlZe0yFr_zWdOUf3wLnMNHHuhiLkRWj8uijXRPz'),('vtkXZcVj3U','Anupama','Ranganathan','Manager at Deloitte & Touche AERS India Private Limited',NULL,''),('vTLuD8HUE8','Umang','Desai','Applications Engineer at Schneider Electric',NULL,''),('vxTAzum5Cs','Janaki','Raman','Manager - Functional at Olam Information Services',NULL,''),('vyd4Ea8VcI','Vaishnav','Vijayakumar','Sr. Consultant at Deloitte and Touche LLP',NULL,'http://m3.licdn.com/mpr/mprx/0_Oz05knQAQIbhgf7Uyc4skqLjXE8Clf7UplIVkqchR2NtmwZRt1fWoN_aobhg-HmB09jUwPLCukXU'),('VZhjfr9E19','L','Varadharajan','Regional Business Manager at MSD Pharmaceuticals Pvt Ltd (India)',NULL,''),('VzWYxekihv','anandaraman','ramani iyer','DGM - Trading at Manatec Electronics Pvt Ltd',NULL,'http://m3.licdn.com/mpr/mprx/0_UQF0Z_jSY67_MnW3M6q2Z3JhOiUGRn43MG18Zhsj357-X-fTc8c198a1raRjZlJDs5L3BbX5UwGR'),('W-WFmi5T__','Kothanda Ramakumar','Ramaswamy','Software Engineer',NULL,'http://m3.licdn.com/mpr/mprx/0_zVjRUCtZWLjrhWE8z47eUhiJd3Zr82R8BZdkU31k9Xuhxe2hMpDczTbEF74fiIVuqJ0LNQ3cieFH'),('w19y0C_K55','Tobias','Gondrom','Managing Director, Sloan Fellow 2009 at LBS',NULL,'http://m3.licdn.com/mpr/mprx/0_vIGEzkpBhTeAH4xYvS3zzF2Rh_DlXUOYB79zzFpE0LJTR0dOJD-QUbekamSmby0tNHhNV8mZ6e_I'),('w5Ug_xFSKZ','Sylvia','Ku','...',NULL,'http://m3.licdn.com/mpr/mprx/0_y9lKkKkPO2v8tqMBy-87k1-lpdrhKlHB-t5fk1zCi7Xr7z0crrTyoPTu-XK01ndUgzPmwNb6cABt'),('w9r300oIJu','eashwar','mahadevan','Project Engineer at Wipro Technologies',NULL,''),('wANXzuQXRl','Kausalya','M','Software Engineer',NULL,'http://m3.licdn.com/mpr/mprx/0_O-y3pn9-BN3f0h87KNOOpqhxzBLm1_37yzeYpqbGotAY2F9ftquDtN12RJ5lKkh_0AY01PvSxNHE'),('wAoDaBokaw','Joby','Abraham','Design Lead at Qualcomm',NULL,'http://m3.licdn.com/mpr/mprx/0_OEI5XqyQQWFmdd7sYWWnXBZwXECGIE7syH0VXBsRR2n-qaZVtuRWEcazobGjeSmn0WdUIreiW7US'),('wG3BqNo4Wi','James','Mure-Dubois','Research scientist in digital signal processing',NULL,'http://m3.licdn.com/mpr/mprx/0_gyqUoPFwuerYD4RLjVkHoAzEuaqaSgsL0UhXorQnPIhOtJS5AsXBkK-ZC8NAasUdyx95LB4AnUM7'),('Wgb12dI7yE','Aadit','Vaidyanathan','Solution Designer, Product Engineering at Tech Mahindra Limited',NULL,'http://m3.licdn.com/mpr/mprx/0_io443Y4FWgNn6mQcTwdw3jpoIjA9oDncTD2b3j0zqUL6zWTB72Hq7gwRLrldWoBRGdV6as3_Tyz1'),('WjY5MFA2RB','Bappaditya','Mandal','Scientist at Institute for Infocomm Research',NULL,'http://m3.licdn.com/mpr/mprx/0_uBxCSg5_c4lQA386uvYgS0NKcRv6PC36anwjS0v_HOT9u69Qhl7mix3SJvzJr5hoSNgyCZI48bAg'),('wlwzhnV0zN','Jagadish','K','Middleware Administrator at TCS',NULL,'http://m3.licdn.com/mpr/mprx/0_NFyu887gBYmiq6tqqQa18ijxvgyPN_tq9he18GxTEZe_wF5N43u8aCI7U1puckP4vXYt75SVpD0r'),('wMz1_ib1wq','Douglas','Gan','Co-Founder at VanityTrove.com',NULL,'http://m3.licdn.com/mpr/mprx/0_in1UQM_xfD5zlxsZ3t-eQRvxfa39lxsZTqFXQR1hrIz6mRS47KiBHUba38Td-ZUNGvA5WyThvczZ'),('wncbs8sle2','Swathi','Ananth','Component Design Engineer at Intel Corporation',NULL,'http://m3.licdn.com/mpr/mprx/0_hC1YLg7lpSQqqKVq8X-DL0pyY2rRq1UqC_F3L0ShTdXIIBuNukitwxJaKCKXBqs43TA8oZ1IUr29'),('wpw4srwpYW','Amit','Singh','Research Engineer at National University of Singapore',NULL,''),('WVDiDShAzt','Pushkar','Kanhere','Research Fellow at Energy research Institute at NTU',NULL,'http://m3.licdn.com/mpr/mprx/0_XUxLRd-NF8OUimYD6M0sRE_ZbkIq_mmD60wsRwr5ZG0XyoMSeg7dvIkwWWwIhW73LZgRq2agPI0j'),('WxG0AiZ8cH','Nikhil','Narayan','Intern at Siemens Information Systems Limited',NULL,''),('WYyMum22eE','Pushkar','Sane','Co-Founder & CEO of Convergination Ventures | Shaping Alternative Futures',NULL,'http://m3.licdn.com/mpr/mprx/0_fl6WHVQTTW8wjjaoDvQnHMX_TfLo0ZxoSK-9HZ5OYoAVhpeE_B95Q4Ar7T5zyxY6atXBF0RJIm8B'),('x-2bbiiKbh','Edgar David','Salazar','Especialista en Seguridad de la Información',NULL,'http://m3.licdn.com/mpr/mprx/0_OYjMBnBFeT538fdppyVQBzqnH3imCuJppVd6BqbFcbcYgHaytZDvJN1d62_l3w4r0g0bZPMCrgh0'),('x1fgFod9oT','Kalaga','Madhav','Lead Engineer at Eaton Corporation',NULL,'http://m3.licdn.com/mpr/mprx/0_R7Vm6CdXcoJSekyzUfRj63IWcaOfECjzJIaA6heqHeo0v6ovBWoCe8pVJiYrd5pJVu4Kdbnc_z1j'),('X1zsiLF-aQ','Peer','Sathikh','Acting Associate Chair (Academic) at School of Art, Design and Media, Nanyang Technological University',NULL,'http://m3.licdn.com/mpr/mprx/0_Rm-zuCWVfVm8HjzkRwAEu34nS4UfXjkkM26EuhHQtY70RMPXBeGJG8ye_zRrbV5eVSrI_bsNiq3d'),('X2B-ViHuVx','Balaji','Mohan','Research Student at National University of Singapore',NULL,'http://m3.licdn.com/mpr/mprx/0_Z3_74XUgPhYfqAxusQ1y4bJ1lie7qNxuV_Br4bW2m6yxIre2qFP_nFjGxSHKBPY8MGTlchBbi9Pf'),('X8j0oiug8L','Krishna','Nataraj Muthu','Assistant Vice President, Credit Structuring at Deutsche Bank',NULL,'http://m3.licdn.com/mpr/mprx/0_uQ-VaJI8hp96BU5E2k8WaUox2yX6BgvEaX65asJ81Vr9eJCoh8G98VSmGlkJqsNQS5rX3jw-2bkI'),('XBPgmCm2t-','Mohammad Haikal','Zainal Abidin','Flight Software Engineer',NULL,'http://m3.licdn.com/mpr/mprx/0_OurBLBWZ2fc_54V4peiHLzs9uW8aFOo4ywXHLqEbPuNO4sjZtEhUwNOWCFhAkJIq07-WoP428U-g'),('XCpEoHSj6h','Maneesh','Mishra','PhD at Nanyang Technological University',NULL,'http://m3.licdn.com/mpr/mprx/0_zR-8Kk_Rr9ZK8lCYzyt1K6GRrBDrGlCYBV60KFPQftJhjzvOMjGuObFeOJSfTn_tq4rYx83ToE_K'),('xD8SRQDgz4','Daniel','Poon','Manager, New Business Initiatives at Quantum Inventions',NULL,'http://m3.licdn.com/mpr/mprx/0_rOHwyqCFQAvK7HKmtjdqyn-eQ-bj7wKmtypqynTJMcPDKfbay44b-9zceyFG2ulCAjovPA1pyvd7'),('xdA7ayONRv','Mohamed','Salihu','at Nantional Computer Systems',NULL,'http://m3.licdn.com/mpr/mprx/0_zVjRUCNMwGx0G2E8BO7kU3l9d3Zr82R8BjdkU31k9Xuhxe2hMpDczTbEF74fiIVuqJ0LNQSt9eQH'),('XELiwOzR8z','Senthil Kumar','T N','SAP PI, ABAP, WebDynpro and Workflow Consultant looking for a role. Available immediately.',NULL,'http://m3.licdn.com/mpr/mprx/0_sMe3tGLWJ97umhrAqOW-tTzezng826TA4ZyYt8NJoPWK1Cnl9xZDphhcR4jx738jUsE0gFoN2Ajn'),('xfV3DpODTn','Navaneethakrishnan','S','Process and Equiment Engineer at Micron Technology',NULL,'http://m3.licdn.com/mpr/mprx/0_V24ZqXdkIFdGHmoyZfIIqQSFIiaSoDUy4I2FqQEzq5VgzWupnoHNs6ORLamtWosKRfVQR3qLpPnv'),('xHZZ_Pd3mY','Nikhil','Ramesh','Research and Development Engineer',NULL,''),('XIwHOAgoja','Shuo','Fang','Student at Nanyang Technological University',NULL,'http://m3.licdn.com/mpr/mprx/0_OVJogBbELzrh2Wt2pUWzgq9o5ALG2712KYDvgqnvsBA-1IXutpd61NGUwp5j7e-h0JRqtPHuTC__'),('XkkVL47rdT','Georg','Thimm','Software Developer @ 1&1',NULL,'http://m3.licdn.com/mpr/mprx/0_bNwbMoBgQGDRpSS7L1dNMW-TQ5WNYw27L9x4MWljM8gkTfRfItUwcdL1eIdwjuD_QBWMna71vVM5'),('xlnNzMjEts','Ashwin','Kumar','Engineer at Microsoft IDC Bangalore',NULL,'http://m3.licdn.com/mpr/mprx/0_N-oHBbkT58JY0eDp9tRcBXXOFCf00eyp9zOBBXGO4bRfh2wy4qVXJknrd27hy7grvAH9Z_pFTPvy'),('XQu14l2dpi','Viswanath','Gopalakrishnan','--',NULL,''),('xuGgOGS8tn','Sharath Ram','Santhanam','Logistics Leader at GE Water',NULL,'http://m3.licdn.com/mpr/mprx/0_ljrrctrcpXLAmldA1487cATbpFlOC-dA1VX7crhbiT5agnOljRhpMKNW-oA33zHjKO-a4B-tQA2o'),('xYNLsnCQg0','sanjana','kumar','Program Director at Cognizant Technology Solutions',NULL,''),('XYUQIcFngC','Seenuvasan','Vedachalam','Student at Nanyang Technological University',NULL,'http://m3.licdn.com/mpr/mprx/0_jbmxXPsKVIvPc84nj3SuXAWt4u-_vQMn0ishXrMfFo6PEGm9lTYPEKD39Tty9TZspkuTIBwS1QPh'),('xZhGiaRrec','Anusha','S','Programmer Analyst at Cognizant Technology Solutions',NULL,''),('y4R-E7-353','Kesavan','Sunder','Quality Assurance Engineer at Patni Computer Systems',NULL,''),('yBBZ9yxPCP','Avinashilingam','Gopalsamy','Sales Manager - Rational Software at IBM India',NULL,'http://m3.licdn.com/mpr/mprx/0_yHCbizUqTs63bxhZ-2lqiBMWiMT85VhZOdn4in4dpyvKsYc4ratwS9uFDc3x6j3NgI8M2AohbfEE'),('yDwaFOtNT9','Karthik','Muthuswamy','Computer Vision Research',NULL,'http://m3.licdn.com/mpr/mprx/0_Y5gdzKHgwTv2qmO-OXRsz1J0bhKinDO-pCWnz-ZCZLk1WWdt-_SLUt2uWmrpzo0OxQxcVvE8rnXE'),('YhlC_aFu88','Rajesh','Sharma','Graduate student at Nanyang Technological University',NULL,'http://m3.licdn.com/mpr/mprx/0_IcAN_oBAmUEbYybMdqhI_W5TmM75tybMWvLI_Wv3l0UvS4KJbA3ZDd3f8NfsAUQvoq1EuaIffr5x'),('YiJXr6cVM3','Selvakumaran','Ramachandran','Senior Engineer at Mediacorp Technologies Private Ltd',NULL,'http://m3.licdn.com/mpr/mprx/0_OVJogBkdL18fm712Y4MMgqFe5tLG2712yZDvgqnvsBA-1IXutpd61NGUwp5j7e-h0JRqtPXNo0T_'),('YLNBSexFV5','Sendhil','Mourougane','Senior Manager -Engineering at Microchip Technology',NULL,'http://m3.licdn.com/mpr/mprx/0_5KCgs7AlgCOZPrsCbNGGsDAg0GRUl9sCFBnGsD8uhFfwmtSGdntlqSqCAuUk-AUmkP8_vE-0GcBV'),('yrL0tcINWb','Poornima','Ramanathan','Hardware engineer at Cisco Systems',NULL,''),('Yskrqy0lHC','Anirudh','Kumar','Trainee at Tata Consultancy Services',NULL,''),('yszSwVriM0','Sindhu','Soundararajan','Quality Assurance Analyst at 8Quarks web and mobile development,  Canada',NULL,'http://m3.licdn.com/mpr/mprx/0_NArAmT5rKM07KlBbn1nmmiCOyJsxt-bb99XmmG_T_xm7SnKF4chjhCc7tqV8AzQwv--fT5jCrsVL'),('yv-3xvaAQA','Aishwarya','Parasuraman','Project Officer at Nanyang Technological University',NULL,'http://m3.licdn.com/mpr/mprx/0_G13YmJtDyxhc1KbI8N-SmU3DY0FZAnBIhBz3mU3DTM1ea-8wmzAthRviK-bbtlnFiri8TpxhUOLa'),('yWAiZ9OTU2','Mahinder','Pulikesi','Graduated from University of Missouri-Columbia',NULL,''),('yWbKu2C_P7','Sandhya','Sriram','PhD at Nanyang Technological University',NULL,''),('ywYKDuKXtw','Somu','Lakshmanan PMP','Senior Software Support Engineer at Ulticom',NULL,'http://m3.licdn.com/mpr/mprx/0_WTL7meo7tVDUUn_IdF6KmIM7-0IwMzPIIQArmIoxDV0UQlkwLbz_hwYlplwNV-tFeCFlTuZPouyi'),('yyf9zLjECc','Bhaskar','Rao','Founder-CEO at Technosphere',NULL,''),('Yz3KMaKGUO','Agustiadi','Lee','Executive at NUS Enterprise',NULL,'http://m3.licdn.com/mpr/mprx/0_tlYgplh-MPC1xhQ_KAxap-3yJ-zxPhn_rnEGp-_i6c37ukTiOBmlttcDcyv8rFB7Pty_1vlFIC42'),('YZU6YNDhiB','Keerthana','Chandrasekaran','Game Developer at Immersive Play Pte Ltd',NULL,'http://m3.licdn.com/mpr/mprx/0_oLg_hdoPzRJdRCCJEksKhE4-B4aFc3iJeXWphER3ejVcH5qMQiS7mo7fMnm4N6GzI6xgfDLrXAc4'),('z3ZMZ_lBY5','Rajesh','PN','Manager - Software Development at Bally Technologies',NULL,'http://m3.licdn.com/mpr/mprx/0_7QQHyYIDmP8bJy8CfkTUyjZDC-cbRJKCDXtByjsggciBXgbGi8nX-gaPuyBZZOlmm5k9PsXIZZbp'),('Z4vKt3I7fO','Kaarthik','N','Software Engineer at Cisco Systems',NULL,'http://m3.licdn.com/mpr/mprx/0_vrCZ-3A0u9MYrsBrcz-F-C8OmK0grsBrctnF-C8flvISfO8KJ9tNyGq38OxCPgnpN18QjL-GniWt'),('Z8ts0b9FTz','Dinup','Sukumaran','at Nanyang Technological University',NULL,'http://m3.licdn.com/mpr/mprx/0_TLYPQpfA4DN9vLeq367uQYOt4HrNB8dqiXE2Qxj8FDXkeXONDimxH0Wm9QKwqbH486ySW4i8HEsO'),('ZaCkfVeItp','Vintu Jose','Alappat','Research Engineer at EADS Innovation Works Singapore Pte Ltd',NULL,''),('ZagjhhouBa','Ragunandan','V R','Associate Consultant at Infosys',NULL,'http://m3.licdn.com/mpr/mprx/0_5fq3TIxetgJwWqAVbmQtTefFKZfRwl3VbwhYTeDn7ORINz9sddXDfHMZYv7XHnh9k290mf0iqjOT'),('Ze9PPlNRjb','Gayathri','Balasubramanian','Looking for UX opportunities in Singapore',NULL,'http://m3.licdn.com/mpr/mprx/0_RSNOtCJ6pAITdKBAJ75DthUWYKg7WK9AJd8TthWzT9Wxnq3lBwk-p8jRKgjKoBcjVmnhgbR0db4A'),('ZEM3FG11Ut','Hari','Vishnu','Graduate Student (Ph.D) at Nanyang Technological University',NULL,''),('ZfkhI9gv_7','Vishwas','Kudlu','Sr. Engg. at CANON INDIA PVT. LTD',NULL,'http://m3.licdn.com/mpr/mprx/0_2AaKEUvKsmr6-XeHm-fiE4zPVw6w-beHmPVfEJ6uLm-UDixe8cOyXMtCqLQNl8WXD-2m5YZ5we4q'),('zFweGnxeZc','Yizhe','Shen','Academic Developer Evangelist at Microsoft',NULL,''),('ZGaPFhaXXq','Anna Mae','Perohan','Consultant at HASK Engineering & Management Pte Ltd',NULL,'http://m3.licdn.com/mpr/mprx/0_y9lKkKn1p29Dy-4BY-i_k1tGpErhKlHBOc5fk1zCi7Xr7z0crrTyoPTu-XK01ndUgzPmwNbmyVXt'),('zhz5bX28u3','venkataraman','j s','MARKETING PROFESSIONAL',NULL,''),('ZmTiHsW2ma','Josephine','G','Manager - HR',NULL,''),('ZNx9jSgqM4','Marco','Balduzzi, Ph.D.','Senior Security Engineer & Researcher',NULL,'http://m3.licdn.com/mpr/mprx/0_vIGEz5DzGQdKkg7Yzw8JzFmMhhDlXUOYco9zzFpE0LJTR0dOJD-QUbekamSmby0tNHhNV8GAwsrI'),('zPKSWoeCpC','Sudheendran','T L','Director Engineering, Qualcomm Atheros',NULL,'http://m3.licdn.com/mpr/mprx/0_Dr__gR9yAl_dtti2Dz1rgZQ0lc5WrNi27cBpgML7mllMfrquT9P71JlTxVLnPPGh21TgtOBbGH96'),('ZQCFhSztyh','Lakshmi','Pathiyil','Research Engineer EADS Innovation Works',NULL,''),('ZQZ6i9XhPW','Balaji','Dutt M V','Senior Manager (Projects) at Eastspring Investments (Singapore) Ltd.',NULL,'http://m3.licdn.com/mpr/mprx/0_gyqUoPvk2e-afOIL0ZFHorQnuSqaSgsLx4hXorQnPIhOtJS5AsXBkK-ZC8NAasUdyx95LBZ-kTa7'),('zQzm4pv4pw','Arun','chakravarthy','Creative Director at Chronon Technologies',NULL,'http://m3.licdn.com/mpr/mprx/0_-KgZfl8pdJ5AlDbXtAjFf-AKIpnOADBXKlWFf-83qJCaaW8kYnSNTtqfLt93tonH1PxQhvYZpwUV'),('ZSkoCMn1Pc','Shreehari','Elangovan','Senior FEA Applications Engineer',NULL,'http://m3.licdn.com/mpr/mprx/0_ljrrcPF4pbB-GqdAlJn_cATcpklOC-dA1xX7crhbiT5agnOljRhpMKNW-oA33zHjKO-a4BtU7rUo'),('ZsuqK29pGb','Manikandan','T B','PCB DESIGNER',NULL,'http://m3.licdn.com/mpr/mprx/0_DBwsjMB_oqP5gHzDSrRdjVv7oAb50wND7zxLjVvYzqPvhf_STlUnPs3KXxFsyuv32NWk-gIFa2MO'),('ZVh8SRyBKs','Sudharshan Balaji','Devanathan','Sales at Tata Consultancy Services',NULL,'http://m3.licdn.com/mpr/mprx/0_oCf8SHeOvOmkn_CEe8W0SEW2vRHIq5CEe5R0SEw2EOpRI3voQk0uio0GUveqBC_QITDYCDzewE-m'),('zZao8PUUsw','Vamshi','Manthena','Post Doctoral Researcher at Tyndall National Institute',NULL,'http://m3.licdn.com/mpr/mprx/0_RSNOtCI6YroC519AJ7qSt3sbY1g7WK9AME8TthWzT9Wxnq3lBwk-p8jRKgjKoBcjVmnhgbccup4A'),('_4aZTXnYqb','Pradeep','Balakrishnan','Manager - Pre Sales',NULL,'http://m3.licdn.com/mpr/mprx/0_jbmxXPwfVIF3v84nj3OhXA4t4u-_vQMn0ishXrMfFo6PEGm9lTYPEKD39Tty9TZspkuTIBIRX0_h'),('_6UJ7KJDhU','Lakshmi','Subramaniam','Executive Secretary to MD & CEO of Essel Mining',NULL,''),('_EK_uhGDru','Ashok','Babu','President, e-con Systems',NULL,'http://m3.licdn.com/mpr/mprx/0_Tw3KHRfV02nUFPWo3W-iHZSzxE5qL9HoiEzfHMpe87lXVt0EDSAyQJeQlXLIQAd68eimFOat1jjH'),('_fGAK8K2jf','Poornima','Sivaramakrishnan','IT Associate at Reliance Industries LTD',NULL,''),('_F_uLogm_J','Nikhil','Narayan','Graduate Student at Nanyang Technological University, Singapore',NULL,'http://m3.licdn.com/mpr/mprx/0_yths_KktaO9TrO5v-z1d_1QY2pPut4qvOPqL_1XS1JbySyizrNrnDPK_Gt1PA0zMglGkuNVYO8cT'),('_G66xcHDO9','Sixtus','Stanly','SR Engineer Hardware at Wipro Technologies',NULL,''),('_GwFTwHeOz','Madavane','K','AVP - IT',NULL,'http://m3.licdn.com/mpr/mprx/0_e0hbvuFchLsd_UgPHYiZvaiU850d342Pogq4vakwx8IJOyR1XJrwRmr5mIx9C0DxWpGMsW9teVfQ'),('_w5NcotWwS','Justin','Clarke','Co-Founder at Gotham Digital Science, London OWASP Chapter Leader, Author and Speaker',NULL,'http://m3.licdn.com/mpr/mprx/0_VoW0f8JeUJWlek5XsdsufijHUpVTokqXZIg8fisMkJalzhikn2M1T_aBvtsYW_zHRdw3hkey4d7f'),('_Z6wtPcwp1','Rupa','Chaudhuri','New Product Program Manager at Cisco',NULL,'http://m3.licdn.com/mpr/mprx/0_aR5MUJqQ7T8WaZeu2yNoUsbISCkXaZJuuMl6UU9VtbKqApa2CjvvzRCq_2XRSx48f4bbNpHqebzJ'),('_ZEGKKc7oV','Balu','Nayar','.',NULL,'');
/*!40000 ALTER TABLE `usertable` ENABLE KEYS */;
UNLOCK TABLES;
/*!40103 SET TIME_ZONE=@OLD_TIME_ZONE */;

/*!40101 SET SQL_MODE=@OLD_SQL_MODE */;
/*!40014 SET FOREIGN_KEY_CHECKS=@OLD_FOREIGN_KEY_CHECKS */;
/*!40014 SET UNIQUE_CHECKS=@OLD_UNIQUE_CHECKS */;
/*!40101 SET CHARACTER_SET_CLIENT=@OLD_CHARACTER_SET_CLIENT */;
/*!40101 SET CHARACTER_SET_RESULTS=@OLD_CHARACTER_SET_RESULTS */;
/*!40101 SET COLLATION_CONNECTION=@OLD_COLLATION_CONNECTION */;
/*!40111 SET SQL_NOTES=@OLD_SQL_NOTES */;

-- Dump completed on 2012-12-19 17:01:56
